date;time;rate;rateZone
11.01.2019;09:15:01;61;31%
11.01.2019;09:00:01;95;48%
11.01.2019;08:45:01;86;43%
11.01.2019;08:30:00;71;36%
11.01.2019;08:15:00;100;51%
11.01.2019;08:00:00;93;47%
10.01.2019;23:00:05;73;37%
10.01.2019;22:45:05;76;38%
10.01.2019;22:15:04;81;41%
10.01.2019;22:00:04;60;30%
10.01.2019;21:45:03;73;37%
10.01.2019;21:30:03;59;30%
10.01.2019;21:15:03;64;32%
10.01.2019;21:00:03;78;39%
10.01.2019;20:45:03;86;43%
10.01.2019;20:30:03;54;27%
10.01.2019;20:15:03;68;34%
10.01.2019;20:00:02;60;30%
10.01.2019;19:45:02;63;32%
10.01.2019;19:30:02;72;36%
10.01.2019;19:15:02;56;28%
10.01.2019;19:00:02;62;31%
10.01.2019;18:45:02;91;46%
10.01.2019;18:30:02;61;31%
10.01.2019;18:15:02;69;35%
10.01.2019;18:00:02;57;29%
10.01.2019;17:45:02;64;32%
10.01.2019;17:30:02;56;28%
10.01.2019;17:15:02;72;36%
10.01.2019;17:00:02;89;45%
10.01.2019;16:45:02;81;41%
10.01.2019;16:30:02;71;36%
10.01.2019;16:15:02;55;28%
10.01.2019;16:00:02;76;38%
10.01.2019;15:45:02;64;32%
10.01.2019;15:30:02;85;43%
10.01.2019;15:15:02;91;46%
10.01.2019;15:00:02;97;49%
10.01.2019;14:45:02;53;27%
10.01.2019;14:30:02;59;30%
10.01.2019;14:15:02;65;33%
10.01.2019;14:00:02;76;38%
10.01.2019;13:45:02;78;39%
10.01.2019;13:30:02;68;34%
10.01.2019;13:15:02;85;43%
10.01.2019;13:00:02;61;31%
10.01.2019;12:45:02;113;57%
10.01.2019;12:30:02;62;31%
10.01.2019;12:15:02;69;35%
10.01.2019;12:00:02;68;34%
10.01.2019;11:45:02;70;35%
10.01.2019;11:30:02;64;32%
10.01.2019;11:15:02;55;28%
10.01.2019;11:00:02;84;42%
10.01.2019;10:45:02;77;39%
10.01.2019;10:30:02;59;30%
10.01.2019;10:15:02;67;34%
10.01.2019;10:00:02;53;27%
10.01.2019;09:45:01;69;35%
10.01.2019;09:30:01;69;35%
10.01.2019;09:15:01;63;32%
10.01.2019;09:00:00;85;43%
10.01.2019;08:45:00;73;37%
10.01.2019;08:30:00;87;44%
10.01.2019;08:15:00;57;29%
10.01.2019;08:00:00;67;34%
9.01.2019;22:49:42;61;31%
9.01.2019;22:34:42;59;30%
9.01.2019;22:19:41;82;41%
9.01.2019;22:04:41;65;33%
9.01.2019;21:49:41;60;30%
9.01.2019;21:34:41;57;29%
9.01.2019;21:19:41;65;33%
9.01.2019;21:04:40;68;34%
9.01.2019;20:49:40;77;39%
9.01.2019;20:04:39;81;41%
9.01.2019;20:00:08;52;26%
9.01.2019;19:45:08;58;29%
9.01.2019;19:30:08;59;30%
9.01.2019;19:15:08;76;38%
9.01.2019;19:00:08;70;35%
9.01.2019;18:45:08;65;33%
9.01.2019;18:30:08;82;41%
9.01.2019;18:15:08;64;32%
9.01.2019;18:00:08;82;41%
9.01.2019;17:45:07;56;28%
9.01.2019;17:30:07;51;26%
9.01.2019;17:15:07;65;33%
9.01.2019;17:00:07;68;34%
9.01.2019;16:45:07;71;36%
9.01.2019;16:30:07;49;25%
9.01.2019;16:15:07;48;24%
9.01.2019;16:00:07;63;32%
9.01.2019;15:45:06;69;35%
9.01.2019;15:30:06;72;36%
9.01.2019;15:15:06;62;31%
9.01.2019;15:00:06;80;40%
9.01.2019;14:45:06;65;33%
9.01.2019;14:30:06;74;37%
9.01.2019;14:15:06;68;34%
9.01.2019;14:00:06;58;29%
9.01.2019;13:45:05;64;32%
9.01.2019;13:30:05;74;37%
9.01.2019;13:15:05;87;44%
9.01.2019;13:00:05;65;33%
9.01.2019;12:45:05;72;36%
9.01.2019;12:30:05;73;37%
9.01.2019;12:15:05;81;41%
9.01.2019;12:00:05;78;39%
9.01.2019;11:45:05;65;33%
9.01.2019;11:30:05;71;36%
9.01.2019;11:15:05;83;42%
9.01.2019;11:00:04;88;44%
9.01.2019;10:45:04;91;46%
9.01.2019;10:30:04;59;30%
9.01.2019;10:15:04;51;26%
9.01.2019;10:00:04;62;31%
9.01.2019;09:45:03;58;29%
9.01.2019;09:30:03;59;30%
9.01.2019;09:15:03;61;31%
9.01.2019;09:00:02;53;27%
9.01.2019;08:45:01;56;28%
9.01.2019;08:30:01;55;28%
9.01.2019;08:15:00;54;27%
9.01.2019;08:00:00;62;31%
8.01.2019;23:00:20;58;29%
8.01.2019;22:45:19;64;32%
8.01.2019;22:30:18;59;30%
8.01.2019;22:15:18;63;32%
8.01.2019;22:00:18;71;36%
8.01.2019;21:45:18;63;32%
8.01.2019;21:30:17;71;36%
8.01.2019;21:15:17;63;32%
8.01.2019;21:00:17;72;36%
8.01.2019;20:45:17;74;37%
8.01.2019;20:30:17;49;25%
8.01.2019;20:15:16;70;35%
8.01.2019;19:45:15;91;46%
8.01.2019;19:30:15;87;44%
8.01.2019;19:15:15;64;32%
8.01.2019;19:00:14;48;24%
8.01.2019;18:45:13;58;29%
8.01.2019;18:30:12;72;36%
8.01.2019;18:15:12;77;39%
8.01.2019;18:00:12;64;32%
8.01.2019;17:45:12;66;33%
8.01.2019;17:30:11;62;31%
8.01.2019;17:15:11;65;33%
8.01.2019;17:00:11;69;35%
8.01.2019;16:45:11;55;28%
8.01.2019;16:30:11;63;32%
8.01.2019;16:15:10;69;35%
8.01.2019;16:00:10;55;28%
8.01.2019;15:45:10;71;36%
8.01.2019;15:30:09;79;40%
8.01.2019;15:15:09;64;32%
8.01.2019;15:00:09;58;29%
8.01.2019;14:45:08;64;32%
8.01.2019;14:30:07;55;28%
8.01.2019;14:15:07;65;33%
8.01.2019;14:00:06;47;23%
8.01.2019;13:45:05;79;40%
8.01.2019;13:30:05;71;36%
8.01.2019;13:15:04;52;26%
8.01.2019;13:00:03;60;30%
8.01.2019;12:45:03;60;30%
8.01.2019;12:30:03;82;41%
8.01.2019;12:15:03;71;36%
8.01.2019;12:00:03;55;28%
8.01.2019;11:45:03;76;38%
8.01.2019;11:30:03;63;32%
8.01.2019;11:15:03;58;29%
8.01.2019;11:00:03;66;33%
8.01.2019;10:45:03;66;33%
8.01.2019;10:30:03;93;47%
8.01.2019;10:15:03;61;31%
8.01.2019;09:45:03;74;37%
8.01.2019;09:30:03;67;34%
8.01.2019;09:15:03;87;44%
8.01.2019;09:00:02;59;30%
8.01.2019;08:45:01;58;29%
8.01.2019;08:30:01;57;29%
8.01.2019;08:15:01;57;29%
8.01.2019;08:00:01;68;34%
7.01.2019;23:00:16;61;31%
7.01.2019;22:45:15;68;34%
7.01.2019;22:30:14;73;37%
7.01.2019;22:15:14;74;37%
7.01.2019;22:00:14;69;35%
7.01.2019;21:45:14;82;41%
7.01.2019;21:30:14;54;27%
7.01.2019;21:15:13;79;40%
7.01.2019;21:00:13;63;32%
7.01.2019;20:45:13;55;28%
7.01.2019;20:30:13;63;32%
7.01.2019;20:15:12;62;31%
7.01.2019;20:00:11;85;43%
7.01.2019;19:45:11;64;32%
7.01.2019;19:30:11;71;36%
7.01.2019;19:15:11;80;40%
7.01.2019;19:00:11;88;44%
7.01.2019;18:45:11;61;31%
7.01.2019;18:30:10;64;32%
7.01.2019;18:15:10;71;36%
7.01.2019;18:00:10;79;40%
7.01.2019;17:45:09;78;39%
7.01.2019;17:30:09;86;43%
7.01.2019;17:15:09;70;35%
7.01.2019;17:00:09;70;35%
7.01.2019;16:45:08;54;27%
7.01.2019;16:30:08;80;40%
7.01.2019;16:15:08;50;25%
7.01.2019;16:00:09;60;30%
7.01.2019;15:45:08;92;46%
7.01.2019;15:30:08;61;31%
7.01.2019;15:15:08;97;49%
7.01.2019;15:00:08;54;27%
7.01.2019;14:45:08;83;42%
7.01.2019;14:30:08;77;39%
7.01.2019;14:15:07;71;36%
7.01.2019;14:00:06;71;36%
7.01.2019;13:45:06;74;37%
7.01.2019;13:30:06;64;32%
7.01.2019;13:15:06;51;26%
7.01.2019;13:00:06;62;31%
7.01.2019;12:45:06;68;34%
7.01.2019;12:30:06;47;23%
7.01.2019;12:15:05;70;35%
7.01.2019;12:00:04;61;31%
7.01.2019;11:45:04;64;32%
7.01.2019;11:30:04;60;30%
7.01.2019;11:15:04;106;54%
7.01.2019;11:00:03;61;31%
7.01.2019;10:45:03;95;48%
7.01.2019;10:30:03;52;26%
7.01.2019;10:15:03;60;30%
7.01.2019;10:00:02;63;32%
7.01.2019;09:45:01;91;46%
7.01.2019;09:30:01;84;42%
7.01.2019;09:15:01;60;30%
7.01.2019;09:00:01;63;32%
7.01.2019;08:45:00;52;26%
7.01.2019;08:30:00;61;31%
7.01.2019;08:15:00;50;25%
7.01.2019;08:00:00;64;32%
6.01.2019;23:00:19;121;61%
6.01.2019;22:45:18;66;33%
6.01.2019;22:30:18;57;29%
6.01.2019;22:15:18;57;29%
6.01.2019;22:00:18;62;31%
6.01.2019;21:45:18;105;53%
6.01.2019;21:30:18;102;52%
6.01.2019;21:15:18;77;39%
6.01.2019;21:00:17;103;52%
6.01.2019;20:45:16;59;30%
6.01.2019;20:30:16;84;42%
6.01.2019;20:15:15;61;31%
6.01.2019;20:00:15;64;32%
6.01.2019;19:45:15;85;43%
6.01.2019;19:30:14;106;54%
6.01.2019;19:15:14;105;53%
6.01.2019;18:45:14;57;29%
6.01.2019;18:30:14;64;32%
6.01.2019;18:15:13;77;39%
6.01.2019;18:00:13;82;41%
6.01.2019;17:45:13;61;31%
6.01.2019;17:30:13;77;39%
6.01.2019;17:15:12;60;30%
6.01.2019;17:00:12;99;50%
6.01.2019;16:45:12;63;32%
6.01.2019;16:30:12;82;41%
6.01.2019;16:15:11;84;42%
6.01.2019;16:00:10;55;28%
6.01.2019;15:45:10;89;45%
6.01.2019;15:30:10;71;36%
6.01.2019;15:15:10;80;40%
6.01.2019;15:00:10;84;42%
6.01.2019;14:45:10;67;34%
6.01.2019;14:30:09;52;26%
6.01.2019;14:15:08;77;39%
6.01.2019;14:00:08;87;44%
6.01.2019;13:45:08;92;46%
6.01.2019;13:30:08;52;26%
6.01.2019;13:15:07;57;29%
6.01.2019;13:00:06;63;32%
6.01.2019;12:45:06;58;29%
6.01.2019;12:30:06;68;34%
6.01.2019;12:15:06;71;36%
6.01.2019;12:00:06;64;32%
6.01.2019;11:45:05;65;33%
6.01.2019;11:30:05;47;23%
6.01.2019;11:15:04;63;32%
6.01.2019;11:00:04;47;23%
6.01.2019;10:45:04;63;32%
6.01.2019;10:30:03;71;36%
6.01.2019;10:15:02;61;31%
6.01.2019;10:00:02;94;47%
6.01.2019;09:45:02;57;29%
6.01.2019;09:30:01;113;57%
6.01.2019;09:15:01;56;28%
6.01.2019;09:00:01;58;29%
6.01.2019;08:45:00;70;35%
6.01.2019;08:30:00;57;29%
6.01.2019;08:15:00;63;32%
6.01.2019;08:00:00;60;30%
5.01.2019;23:00:17;83;42%
5.01.2019;22:45:17;49;25%
5.01.2019;22:30:17;85;43%
5.01.2019;22:15:17;86;43%
5.01.2019;22:00:17;90;45%
5.01.2019;21:45:17;72;36%
5.01.2019;21:30:17;94;47%
5.01.2019;21:15:16;82;41%
5.01.2019;21:00:16;89;45%
5.01.2019;20:45:16;62;31%
5.01.2019;20:30:16;79;40%
5.01.2019;20:15:16;81;41%
5.01.2019;20:00:16;93;47%
5.01.2019;19:45:16;64;32%
5.01.2019;19:30:16;79;40%
5.01.2019;19:15:16;65;33%
5.01.2019;19:00:16;78;39%
5.01.2019;18:30:16;78;39%
5.01.2019;18:15:16;53;27%
5.01.2019;18:00:15;72;36%
5.01.2019;17:45:15;82;41%
5.01.2019;17:30:15;79;40%
5.01.2019;17:15:14;62;31%
5.01.2019;17:00:14;63;32%
5.01.2019;16:45:13;82;41%
5.01.2019;16:30:13;51;26%
5.01.2019;16:15:12;62;31%
5.01.2019;16:00:12;65;33%
5.01.2019;15:45:11;62;31%
5.01.2019;15:30:10;56;28%
5.01.2019;15:15:10;64;32%
5.01.2019;15:00:09;71;36%
5.01.2019;14:45:09;64;32%
5.01.2019;14:30:10;70;35%
5.01.2019;14:15:09;98;50%
5.01.2019;14:00:08;68;34%
5.01.2019;13:15:07;57;29%
5.01.2019;13:00:07;74;37%
5.01.2019;12:45:07;79;40%
5.01.2019;12:30:06;75;38%
5.01.2019;12:15:06;69;35%
5.01.2019;12:00:06;59;30%
5.01.2019;11:45:06;74;37%
5.01.2019;11:30:06;80;40%
5.01.2019;11:15:06;76;38%
5.01.2019;11:00:05;55;28%
5.01.2019;10:45:05;94;47%
5.01.2019;10:30:05;90;45%
5.01.2019;10:15:04;84;42%
5.01.2019;10:00:04;74;37%
5.01.2019;09:45:04;63;32%
5.01.2019;09:30:03;59;30%
5.01.2019;09:15:02;80;40%
5.01.2019;09:00:02;64;32%
5.01.2019;08:45:02;59;30%
5.01.2019;08:30:01;57;29%
5.01.2019;08:15:01;69;35%
5.01.2019;08:00:01;69;35%
4.01.2019;23:00:18;93;47%
4.01.2019;22:45:18;50;25%
4.01.2019;22:30:18;82;41%
4.01.2019;22:15:17;63;32%
4.01.2019;22:00:16;58;29%
4.01.2019;21:45:16;105;53%
4.01.2019;21:30:15;74;37%
4.01.2019;21:15:15;58;29%
4.01.2019;21:00:15;61;31%
4.01.2019;20:45:14;78;39%
4.01.2019;20:30:14;62;31%
4.01.2019;20:15:14;55;28%
4.01.2019;19:45:13;62;31%
4.01.2019;19:30:13;66;33%
4.01.2019;19:15:12;64;32%
4.01.2019;19:00:12;67;34%
4.01.2019;18:45:11;69;35%
4.01.2019;18:30:11;77;39%
4.01.2019;18:15:11;69;35%
4.01.2019;18:00:11;54;27%
4.01.2019;17:45:11;72;36%
4.01.2019;17:30:11;54;27%
4.01.2019;17:15:11;73;37%
4.01.2019;17:00:11;81;41%
4.01.2019;16:45:10;92;46%
4.01.2019;16:15:10;64;32%
4.01.2019;16:00:10;82;41%
4.01.2019;15:45:09;59;30%
4.01.2019;15:30:09;92;46%
4.01.2019;15:15:09;64;32%
4.01.2019;15:00:08;90;45%
4.01.2019;14:45:08;80;40%
4.01.2019;14:30:07;72;36%
4.01.2019;14:15:06;51;26%
4.01.2019;14:00:06;78;39%
4.01.2019;13:30:06;63;32%
4.01.2019;13:15:06;109;55%
4.01.2019;13:00:05;100;51%
4.01.2019;12:45:05;90;45%
4.01.2019;12:30:05;64;32%
4.01.2019;12:15:04;62;31%
4.01.2019;12:00:03;69;35%
4.01.2019;11:45:03;68;34%
4.01.2019;11:30:02;64;32%
4.01.2019;11:15:02;61;31%
4.01.2019;11:00:02;63;32%
4.01.2019;10:45:02;70;35%
4.01.2019;10:30:02;64;32%
4.01.2019;10:15:02;77;39%
4.01.2019;10:00:01;85;43%
4.01.2019;09:45:01;63;32%
4.01.2019;09:30:01;90;45%
4.01.2019;09:15:01;53;27%
4.01.2019;09:00:01;54;27%
4.01.2019;08:45:01;89;45%
4.01.2019;08:30:01;79;40%
4.01.2019;08:15:00;72;36%
4.01.2019;08:00:00;53;27%
3.01.2019;23:00:11;58;29%
3.01.2019;22:45:10;69;35%
3.01.2019;20:58:54;53;27%
3.01.2019;20:45:09;60;30%
3.01.2019;20:00:08;54;27%
3.01.2019;19:45:08;82;41%
3.01.2019;19:30:07;51;26%
3.01.2019;19:15:07;55;28%
3.01.2019;19:00:07;74;37%
3.01.2019;18:45:06;55;28%
3.01.2019;18:30:05;77;39%
3.01.2019;18:15:05;79;40%
3.01.2019;18:00:05;91;46%
3.01.2019;17:45:05;65;33%
3.01.2019;17:30:05;49;25%
3.01.2019;17:15:05;77;39%
3.01.2019;17:00:05;59;30%
3.01.2019;16:45:05;53;27%
3.01.2019;16:30:04;65;33%
3.01.2019;16:15:04;68;34%
3.01.2019;16:00:04;53;27%
3.01.2019;15:45:04;58;29%
3.01.2019;15:30:04;80;40%
3.01.2019;15:15:04;56;28%
3.01.2019;15:00:04;69;35%
3.01.2019;14:45:04;52;26%
3.01.2019;14:30:04;71;36%
3.01.2019;14:15:04;62;31%
3.01.2019;14:00:04;63;32%
3.01.2019;13:45:04;60;30%
3.01.2019;13:30:04;61;31%
3.01.2019;13:15:04;63;32%
3.01.2019;13:00:04;64;32%
3.01.2019;12:45:04;70;35%
3.01.2019;12:30:04;69;35%
3.01.2019;12:15:04;71;36%
3.01.2019;12:00:04;100;51%
3.01.2019;11:45:04;67;34%
3.01.2019;11:30:05;53;27%
3.01.2019;11:15:05;95;48%
3.01.2019;11:00:04;52;26%
3.01.2019;10:45:03;63;32%
3.01.2019;10:30:02;102;52%
3.01.2019;10:15:02;99;50%
3.01.2019;10:00:02;98;50%
3.01.2019;09:45:02;57;29%
3.01.2019;09:30:02;80;40%
3.01.2019;09:15:02;67;34%
3.01.2019;09:00:01;74;37%
3.01.2019;08:45:01;59;30%
3.01.2019;08:30:01;66;33%
3.01.2019;08:15:01;55;28%
3.01.2019;08:00:00;74;37%
2.01.2019;23:00:15;62;31%
2.01.2019;22:45:14;76;38%
2.01.2019;22:30:14;51;26%
2.01.2019;22:15:14;69;35%
2.01.2019;22:00:14;72;36%
2.01.2019;21:45:13;72;36%
2.01.2019;21:30:13;62;31%
2.01.2019;21:15:13;76;38%
2.01.2019;21:00:13;73;37%
2.01.2019;20:45:13;61;31%
2.01.2019;20:30:12;61;31%
2.01.2019;20:15:12;73;37%
2.01.2019;20:00:12;76;38%
2.01.2019;19:45:12;57;29%
2.01.2019;19:30:12;63;32%
2.01.2019;19:15:12;66;33%
2.01.2019;19:00:12;81;41%
2.01.2019;18:45:12;73;37%
2.01.2019;18:30:12;79;40%
2.01.2019;18:15:12;72;36%
2.01.2019;18:00:11;71;36%
2.01.2019;17:45:10;72;36%
2.01.2019;17:30:10;77;39%
2.01.2019;17:15:09;58;29%
2.01.2019;17:00:09;70;35%
2.01.2019;16:45:09;67;34%
2.01.2019;16:30:08;68;34%
2.01.2019;16:15:07;74;37%
2.01.2019;16:00:07;63;32%
2.01.2019;15:45:07;62;31%
2.01.2019;15:30:07;89;45%
2.01.2019;15:15:07;64;32%
2.01.2019;15:00:07;76;38%
2.01.2019;14:45:07;65;33%
2.01.2019;14:15:07;62;31%
2.01.2019;14:00:07;76;38%
2.01.2019;13:45:07;96;48%
2.01.2019;13:30:07;61;31%
2.01.2019;13:15:07;64;32%
2.01.2019;13:00:07;63;32%
2.01.2019;12:45:06;63;32%
2.01.2019;12:30:06;58;29%
2.01.2019;12:15:06;72;36%
2.01.2019;12:00:06;74;37%
2.01.2019;11:45:06;80;40%
2.01.2019;11:30:05;97;49%
2.01.2019;11:15:05;72;36%
2.01.2019;11:00:05;81;41%
2.01.2019;10:45:05;69;35%
2.01.2019;10:30:04;60;30%
2.01.2019;10:15:04;58;29%
2.01.2019;10:00:04;92;46%
2.01.2019;09:45:04;58;29%
2.01.2019;09:30:03;54;27%
2.01.2019;09:15:02;70;35%
2.01.2019;09:00:02;64;32%
2.01.2019;08:45:02;60;30%
2.01.2019;08:30:02;69;35%
2.01.2019;08:15:01;53;27%
2.01.2019;08:00:00;59;30%
1.01.2019;23:00:21;59;30%
1.01.2019;22:45:20;68;34%
1.01.2019;22:30:20;90;45%
1.01.2019;22:15:20;72;36%
1.01.2019;22:00:20;85;43%
1.01.2019;21:45:19;77;39%
1.01.2019;21:30:18;86;43%
1.01.2019;21:15:18;63;32%
1.01.2019;21:00:17;72;36%
1.01.2019;20:45:16;49;25%
1.01.2019;20:30:15;79;40%
1.01.2019;20:15:14;95;48%
1.01.2019;20:00:13;66;33%
1.01.2019;19:45:13;81;41%
1.01.2019;19:30:13;53;27%
1.01.2019;19:15:13;56;28%
1.01.2019;19:00:13;89;45%
1.01.2019;18:45:13;97;49%
1.01.2019;18:30:13;57;29%
1.01.2019;18:15:12;95;48%
1.01.2019;18:00:12;94;47%
1.01.2019;17:45:11;61;31%
1.01.2019;17:30:10;74;37%
1.01.2019;17:15:10;67;34%
1.01.2019;17:00:10;53;27%
1.01.2019;16:30:10;57;29%
1.01.2019;16:15:10;67;34%
1.01.2019;16:00:09;81;41%
1.01.2019;15:45:09;59;30%
1.01.2019;15:30:09;79;40%
1.01.2019;15:15:09;63;32%
1.01.2019;15:00:09;81;41%
1.01.2019;14:45:09;63;32%
1.01.2019;14:30:09;62;31%
1.01.2019;14:15:08;100;51%
1.01.2019;14:00:08;57;29%
1.01.2019;13:45:08;75;38%
1.01.2019;13:30:08;62;31%
1.01.2019;13:15:08;75;38%
1.01.2019;13:00:08;71;36%
1.01.2019;12:45:08;68;34%
1.01.2019;12:30:08;91;46%
1.01.2019;12:15:08;57;29%
1.01.2019;12:00:08;76;38%
1.01.2019;11:45:07;67;34%
1.01.2019;11:30:07;58;29%
1.01.2019;11:15:06;78;39%
1.01.2019;11:00:05;78;39%
1.01.2019;10:45:04;74;37%
1.01.2019;10:15:03;57;29%
1.01.2019;09:45:03;54;27%
1.01.2019;09:30:02;74;37%
1.01.2019;09:15:02;71;36%
1.01.2019;09:00:02;77;39%
1.01.2019;08:45:02;71;36%
1.01.2019;08:30:01;79;40%
1.01.2019;08:15:01;79;40%
1.01.2019;08:00:01;78;39%
31.12.2018;23:00:09;64;32%
31.12.2018;22:45:09;51;26%
31.12.2018;22:30:09;110;56%
31.12.2018;22:15:09;75;38%
31.12.2018;22:00:09;116;59%
31.12.2018;21:45:09;66;33%
31.12.2018;21:30:10;67;34%
31.12.2018;21:15:09;91;46%
31.12.2018;21:00:09;126;64%
31.12.2018;20:45:09;50;25%
31.12.2018;20:30:08;66;33%
31.12.2018;20:15:08;70;35%
31.12.2018;20:00:08;68;34%
31.12.2018;19:45:08;50;25%
31.12.2018;19:30:08;64;32%
31.12.2018;19:15:08;100;51%
31.12.2018;19:00:08;63;32%
31.12.2018;18:45:08;114;58%
31.12.2018;18:30:07;63;32%
31.12.2018;18:15:06;60;30%
31.12.2018;18:00:06;69;35%
31.12.2018;17:45:06;60;30%
31.12.2018;17:30:06;104;53%
31.12.2018;17:15:06;54;27%
31.12.2018;17:00:06;99;50%
31.12.2018;16:45:05;93;47%
31.12.2018;16:30:05;99;50%
31.12.2018;16:15:05;58;29%
31.12.2018;16:00:05;60;30%
31.12.2018;15:45:05;93;47%
31.12.2018;15:30:05;57;29%
31.12.2018;15:15:05;80;40%
31.12.2018;15:00:05;83;42%
31.12.2018;14:45:05;78;39%
31.12.2018;14:30:05;83;42%
31.12.2018;14:15:05;65;33%
31.12.2018;14:00:05;59;30%
31.12.2018;13:45:05;65;33%
31.12.2018;13:30:05;56;28%
31.12.2018;13:15:04;63;32%
31.12.2018;13:00:04;67;34%
31.12.2018;12:45:04;55;28%
31.12.2018;12:30:04;90;45%
31.12.2018;12:15:04;79;40%
31.12.2018;12:00:03;60;30%
31.12.2018;11:45:03;76;38%
31.12.2018;11:30:03;68;34%
31.12.2018;11:15:03;56;28%
31.12.2018;11:00:03;61;31%
31.12.2018;10:45:03;86;43%
31.12.2018;10:30:03;68;34%
31.12.2018;10:15:03;66;33%
31.12.2018;10:00:03;60;30%
31.12.2018;09:45:03;61;31%
31.12.2018;09:30:02;62;31%
31.12.2018;09:15:01;58;29%
31.12.2018;09:00:01;74;37%
31.12.2018;08:45:01;53;27%
31.12.2018;08:30:01;57;29%
31.12.2018;08:15:00;61;31%
31.12.2018;08:00:00;51;26%
30.12.2018;23:00:11;60;30%
30.12.2018;22:45:11;67;34%
30.12.2018;22:30:11;89;45%
30.12.2018;22:15:11;70;35%
30.12.2018;22:00:11;64;32%
30.12.2018;21:45:11;101;51%
30.12.2018;21:30:11;54;27%
30.12.2018;21:15:11;50;25%
30.12.2018;21:00:10;92;46%
30.12.2018;20:45:10;73;37%
30.12.2018;20:30:10;57;29%
30.12.2018;20:15:10;71;36%
30.12.2018;20:00:10;60;30%
30.12.2018;19:45:09;76;38%
30.12.2018;19:30:09;58;29%
30.12.2018;19:15:08;58;29%
30.12.2018;19:00:08;97;49%
30.12.2018;18:45:08;71;36%
30.12.2018;18:30:08;108;55%
30.12.2018;18:15:08;50;25%
30.12.2018;18:00:08;54;27%
30.12.2018;17:45:08;94;47%
30.12.2018;17:15:08;76;38%
30.12.2018;17:00:08;76;38%
30.12.2018;16:45:08;57;29%
30.12.2018;16:30:08;79;40%
30.12.2018;16:15:08;55;28%
30.12.2018;16:00:08;50;25%
30.12.2018;15:45:08;48;24%
30.12.2018;15:30:07;52;26%
30.12.2018;15:15:07;60;30%
30.12.2018;15:00:07;75;38%
30.12.2018;14:45:06;66;33%
30.12.2018;14:30:06;64;32%
30.12.2018;14:15:06;69;35%
30.12.2018;13:30:05;62;31%
30.12.2018;13:15:05;95;48%
30.12.2018;13:00:05;77;39%
30.12.2018;12:45:05;77;39%
30.12.2018;12:30:05;78;39%
30.12.2018;12:15:05;63;32%
30.12.2018;12:00:05;66;33%
30.12.2018;11:45:04;63;32%
30.12.2018;11:30:04;63;32%
30.12.2018;11:15:04;75;38%
30.12.2018;11:00:04;88;44%
30.12.2018;10:45:03;63;32%
30.12.2018;10:30:02;54;27%
30.12.2018;10:15:02;85;43%
30.12.2018;10:00:02;63;32%
30.12.2018;09:45:02;67;34%
30.12.2018;09:30:02;60;30%
30.12.2018;09:15:02;60;30%
30.12.2018;09:00:02;63;32%
30.12.2018;08:45:02;64;32%
30.12.2018;08:30:01;64;32%
30.12.2018;08:15:00;62;31%
30.12.2018;08:00:00;63;32%
29.12.2018;23:00:16;62;31%
29.12.2018;22:45:15;62;31%
29.12.2018;22:30:14;65;33%
29.12.2018;22:15:13;59;30%
29.12.2018;22:00:13;48;24%
29.12.2018;21:45:13;85;43%
29.12.2018;21:30:12;77;39%
29.12.2018;21:15:11;53;27%
29.12.2018;21:00:11;63;32%
29.12.2018;20:45:10;68;34%
29.12.2018;20:30:10;60;30%
29.12.2018;20:15:10;100;51%
29.12.2018;20:00:10;64;32%
29.12.2018;19:45:10;47;23%
29.12.2018;19:30:09;55;28%
29.12.2018;19:15:09;65;33%
29.12.2018;19:00:09;63;32%
29.12.2018;18:45:09;60;30%
29.12.2018;18:30:09;61;31%
29.12.2018;18:15:09;85;43%
29.12.2018;18:00:09;79;40%
29.12.2018;17:45:09;84;42%
29.12.2018;17:30:09;70;35%
29.12.2018;17:15:09;75;38%
29.12.2018;17:00:09;99;50%
29.12.2018;16:45:09;62;31%
29.12.2018;16:30:09;68;34%
29.12.2018;16:15:09;61;31%
29.12.2018;16:00:09;64;32%
29.12.2018;15:45:09;75;38%
29.12.2018;15:30:09;76;38%
29.12.2018;15:15:09;76;38%
29.12.2018;15:00:09;81;41%
29.12.2018;14:45:09;82;41%
29.12.2018;14:30:09;97;49%
29.12.2018;14:15:09;57;29%
29.12.2018;14:00:09;71;36%
29.12.2018;13:45:09;79;40%
29.12.2018;13:30:09;61;31%
29.12.2018;13:15:08;67;34%
29.12.2018;13:00:07;61;31%
29.12.2018;12:45:07;67;34%
29.12.2018;12:30:07;65;33%
29.12.2018;12:15:07;68;34%
29.12.2018;12:00:07;64;32%
29.12.2018;11:45:06;56;28%
29.12.2018;11:30:06;71;36%
29.12.2018;11:15:05;91;46%
29.12.2018;11:00:05;66;33%
29.12.2018;10:45:05;60;30%
29.12.2018;10:30:05;71;36%
29.12.2018;10:15:04;63;32%
29.12.2018;10:00:04;85;43%
29.12.2018;09:45:04;55;28%
29.12.2018;09:30:03;55;28%
29.12.2018;09:15:02;59;30%
29.12.2018;09:00:01;56;28%
29.12.2018;08:45:01;59;30%
29.12.2018;08:30:01;49;25%
29.12.2018;08:15:00;52;26%
29.12.2018;08:00:00;57;29%
28.12.2018;23:00:15;63;32%
28.12.2018;22:45:15;59;30%
28.12.2018;22:30:15;67;34%
28.12.2018;22:15:14;68;34%
28.12.2018;22:00:14;75;38%
28.12.2018;21:45:14;64;32%
28.12.2018;21:30:14;66;33%
28.12.2018;21:15:14;63;32%
28.12.2018;21:00:13;91;46%
28.12.2018;20:45:12;58;29%
28.12.2018;20:30:11;71;36%
28.12.2018;20:15:11;63;32%
28.12.2018;20:00:11;81;41%
28.12.2018;19:45:11;81;41%
28.12.2018;19:30:10;98;50%
28.12.2018;19:15:09;61;31%
28.12.2018;19:00:09;66;33%
28.12.2018;18:45:09;61;31%
28.12.2018;18:30:09;67;34%
28.12.2018;18:15:09;68;34%
28.12.2018;18:00:09;60;30%
28.12.2018;17:45:09;71;36%
28.12.2018;17:30:08;66;33%
28.12.2018;17:15:08;66;33%
28.12.2018;17:00:08;68;34%
28.12.2018;16:45:08;69;35%
28.12.2018;16:30:08;60;30%
28.12.2018;16:15:08;60;30%
28.12.2018;16:00:07;56;28%
28.12.2018;15:45:07;74;37%
28.12.2018;15:30:07;86;43%
28.12.2018;15:15:06;66;33%
28.12.2018;15:00:06;72;36%
28.12.2018;14:45:06;62;31%
28.12.2018;14:30:06;64;32%
28.12.2018;14:15:06;62;31%
28.12.2018;14:00:06;63;32%
28.12.2018;13:45:06;68;34%
28.12.2018;13:30:06;63;32%
28.12.2018;13:15:06;63;32%
28.12.2018;13:00:06;70;35%
28.12.2018;12:45:06;91;46%
28.12.2018;12:30:05;49;25%
28.12.2018;12:15:05;64;32%
28.12.2018;12:00:04;81;41%
28.12.2018;11:45:04;74;37%
28.12.2018;11:30:04;98;50%
28.12.2018;11:15:04;68;34%
28.12.2018;11:00:04;64;32%
28.12.2018;10:45:03;56;28%
28.12.2018;10:30:03;76;38%
28.12.2018;10:15:03;64;32%
28.12.2018;10:00:02;75;38%
28.12.2018;09:45:02;57;29%
28.12.2018;09:30:01;60;30%
28.12.2018;09:15:01;58;29%
28.12.2018;09:00:01;69;35%
28.12.2018;08:45:00;58;29%
28.12.2018;08:30:00;60;30%
28.12.2018;08:15:00;62;31%
28.12.2018;08:00:00;58;29%
27.12.2018;23:00:15;75;38%
27.12.2018;22:45:15;74;37%
27.12.2018;22:30:15;67;34%
27.12.2018;22:15:15;57;29%
27.12.2018;22:00:15;67;34%
27.12.2018;21:45:15;61;31%
27.12.2018;21:30:15;63;32%
27.12.2018;21:15:14;95;48%
27.12.2018;21:00:14;75;38%
27.12.2018;20:45:14;76;38%
27.12.2018;20:30:14;67;34%
27.12.2018;20:15:13;64;32%
27.12.2018;20:00:13;64;32%
27.12.2018;19:45:13;69;35%
27.12.2018;19:30:13;67;34%
27.12.2018;19:15:13;75;38%
27.12.2018;19:00:13;86;43%
27.12.2018;18:45:13;57;29%
27.12.2018;18:30:12;77;39%
27.12.2018;18:15:12;71;36%
27.12.2018;18:00:12;87;44%
27.12.2018;17:45:12;101;51%
27.12.2018;17:30:12;78;39%
27.12.2018;17:15:12;58;29%
27.12.2018;17:00:12;76;38%
27.12.2018;16:45:12;76;38%
27.12.2018;16:30:11;63;32%
27.12.2018;16:15:10;66;33%
27.12.2018;16:00:10;69;35%
27.12.2018;15:45:10;68;34%
27.12.2018;15:30:10;68;34%
27.12.2018;15:15:10;76;38%
27.12.2018;15:00:10;61;31%
27.12.2018;14:45:09;66;33%
27.12.2018;14:30:08;79;40%
27.12.2018;14:15:08;50;25%
27.12.2018;14:00:08;54;27%
27.12.2018;13:45:07;61;31%
27.12.2018;13:30:07;63;32%
27.12.2018;13:15:06;61;31%
27.12.2018;13:00:06;59;30%
27.12.2018;12:45:06;57;29%
27.12.2018;12:30:06;69;35%
27.12.2018;12:15:06;71;36%
27.12.2018;12:00:06;70;35%
27.12.2018;11:45:06;80;40%
27.12.2018;11:30:05;72;36%
27.12.2018;11:15:05;80;40%
27.12.2018;11:00:05;86;43%
27.12.2018;10:45:05;75;38%
27.12.2018;10:30:04;70;35%
27.12.2018;10:15:03;70;35%
27.12.2018;10:00:03;59;30%
27.12.2018;09:45:04;64;32%
27.12.2018;09:30:03;81;41%
27.12.2018;09:15:02;76;38%
27.12.2018;09:00:02;58;29%
27.12.2018;08:45:02;55;28%
27.12.2018;08:30:01;64;32%
27.12.2018;08:15:01;62;31%
27.12.2018;08:00:00;60;30%
26.12.2018;23:00:10;88;44%
26.12.2018;22:45:10;72;36%
26.12.2018;22:30:10;79;40%
26.12.2018;22:15:10;65;33%
26.12.2018;22:00:10;55;28%
26.12.2018;21:45:10;56;28%
26.12.2018;21:30:10;109;55%
26.12.2018;21:15:09;97;49%
26.12.2018;21:00:09;71;36%
26.12.2018;20:45:09;74;37%
26.12.2018;20:30:09;78;39%
26.12.2018;20:15:09;83;42%
26.12.2018;20:00:09;87;44%
26.12.2018;19:45:09;75;38%
26.12.2018;19:30:09;76;38%
26.12.2018;19:15:09;95;48%
26.12.2018;19:00:09;82;41%
26.12.2018;18:45:09;109;55%
26.12.2018;18:30:09;58;29%
26.12.2018;18:15:09;59;30%
26.12.2018;18:00:09;75;38%
26.12.2018;17:45:09;68;34%
26.12.2018;17:30:09;63;32%
26.12.2018;17:15:09;72;36%
26.12.2018;17:00:09;113;57%
26.12.2018;16:45:09;90;45%
26.12.2018;16:30:09;62;31%
26.12.2018;16:15:09;80;40%
26.12.2018;16:00:09;99;50%
26.12.2018;15:45:08;55;28%
26.12.2018;15:30:08;108;55%
26.12.2018;15:00:08;53;27%
26.12.2018;14:45:08;85;43%
26.12.2018;14:30:07;58;29%
26.12.2018;14:15:07;56;28%
26.12.2018;14:00:06;62;31%
26.12.2018;13:45:06;83;42%
26.12.2018;13:30:05;68;34%
26.12.2018;13:15:05;84;42%
26.12.2018;13:00:04;53;27%
26.12.2018;12:45:04;73;37%
26.12.2018;12:30:04;64;32%
26.12.2018;12:15:04;77;39%
26.12.2018;12:00:04;60;30%
26.12.2018;11:45:04;87;44%
26.12.2018;11:30:04;63;32%
26.12.2018;11:15:03;59;30%
26.12.2018;11:00:03;55;28%
26.12.2018;10:45:03;51;26%
26.12.2018;10:30:03;69;35%
26.12.2018;10:15:02;98;50%
26.12.2018;10:00:02;64;32%
26.12.2018;09:45:01;58;29%
26.12.2018;09:30:01;63;32%
26.12.2018;09:15:01;94;47%
26.12.2018;09:00:01;64;32%
26.12.2018;08:45:01;59;30%
26.12.2018;08:30:01;57;29%
26.12.2018;08:15:01;53;27%
26.12.2018;08:00:00;64;32%
25.12.2018;23:00:12;68;34%
25.12.2018;22:45:11;67;34%
25.12.2018;22:30:11;70;35%
25.12.2018;22:15:11;87;44%
25.12.2018;22:00:10;61;31%
25.12.2018;21:45:10;65;33%
25.12.2018;21:30:10;61;31%
25.12.2018;21:15:09;72;36%
25.12.2018;21:00:09;105;53%
25.12.2018;20:45:09;69;35%
25.12.2018;20:30:09;65;33%
25.12.2018;20:15:09;77;39%
25.12.2018;20:00:08;71;36%
25.12.2018;19:45:07;57;29%
25.12.2018;19:30:06;58;29%
25.12.2018;19:15:06;67;34%
25.12.2018;19:00:06;71;36%
25.12.2018;18:45:06;67;34%
25.12.2018;18:30:06;107;54%
25.12.2018;18:15:06;80;40%
25.12.2018;18:00:06;93;47%
25.12.2018;17:45:06;60;30%
25.12.2018;17:30:06;70;35%
25.12.2018;17:15:06;115;58%
25.12.2018;17:00:06;61;31%
25.12.2018;16:45:06;86;43%
25.12.2018;16:30:06;100;51%
25.12.2018;16:15:06;64;32%
25.12.2018;16:00:06;90;45%
25.12.2018;15:45:06;82;41%
25.12.2018;15:30:06;51;26%
25.12.2018;15:15:06;54;27%
25.12.2018;15:00:06;97;49%
25.12.2018;14:45:06;70;35%
25.12.2018;14:30:06;106;54%
25.12.2018;14:15:06;81;41%
25.12.2018;14:00:06;98;50%
25.12.2018;13:45:05;65;33%
25.12.2018;13:30:05;64;32%
25.12.2018;13:15:05;52;26%
25.12.2018;13:00:05;65;33%
25.12.2018;12:45:05;76;38%
25.12.2018;12:30:05;59;30%
25.12.2018;12:00:05;52;26%
25.12.2018;11:45:05;78;39%
25.12.2018;11:30:05;63;32%
25.12.2018;11:15:05;55;28%
25.12.2018;11:00:05;60;30%
25.12.2018;10:45:05;60;30%
25.12.2018;10:30:04;77;39%
25.12.2018;10:15:03;55;28%
25.12.2018;10:00:03;80;40%
25.12.2018;09:45:02;82;41%
25.12.2018;09:30:03;71;36%
25.12.2018;09:15:02;62;31%
25.12.2018;09:00:02;85;43%
25.12.2018;08:45:02;55;28%
25.12.2018;08:30:01;54;27%
25.12.2018;08:15:00;53;27%
25.12.2018;08:00:00;53;27%
24.12.2018;23:00:05;85;43%
24.12.2018;22:45:05;67;34%
24.12.2018;22:30:05;57;29%
24.12.2018;22:15:05;63;32%
24.12.2018;22:00:05;91;46%
24.12.2018;21:45:05;66;33%
24.12.2018;21:30:05;67;34%
24.12.2018;21:15:05;77;39%
24.12.2018;21:00:05;68;34%
24.12.2018;20:45:04;85;43%
24.12.2018;20:30:04;62;31%
24.12.2018;20:00:04;62;31%
24.12.2018;19:45:04;47;23%
24.12.2018;19:30:04;73;37%
24.12.2018;19:15:04;63;32%
24.12.2018;19:00:04;66;33%
24.12.2018;18:45:04;91;46%
24.12.2018;18:30:04;61;31%
24.12.2018;18:15:04;62;31%
24.12.2018;18:00:04;70;35%
24.12.2018;17:45:04;59;30%
24.12.2018;17:30:04;81;41%
24.12.2018;17:15:04;108;55%
24.12.2018;17:00:04;105;53%
24.12.2018;16:45:03;59;30%
24.12.2018;16:30:03;50;25%
24.12.2018;16:15:02;61;31%
24.12.2018;16:00:02;47;23%
24.12.2018;15:45:02;123;62%
24.12.2018;15:30:01;48;24%
24.12.2018;15:15:01;56;28%
24.12.2018;15:00:01;69;35%
24.12.2018;14:45:01;48;24%
24.12.2018;14:30:01;83;42%
24.12.2018;14:15:01;86;43%
24.12.2018;14:00:01;85;43%
24.12.2018;13:45:01;72;36%
24.12.2018;13:30:01;70;35%
24.12.2018;13:15:01;94;47%
24.12.2018;13:00:01;62;31%
24.12.2018;10:00:01;99;50%
24.12.2018;09:45:00;52;26%
24.12.2018;09:30:00;54;27%
24.12.2018;09:15:00;52;26%
24.12.2018;09:00:00;85;43%
24.12.2018;08:45:00;51;26%
24.12.2018;08:30:00;54;27%
24.12.2018;08:15:00;55;28%
24.12.2018;08:00:01;52;26%
23.12.2018;23:00:02;57;29%
23.12.2018;22:45:02;63;32%
23.12.2018;22:30:02;53;27%
23.12.2018;22:15:02;65;33%
23.12.2018;22:00:02;61;31%
23.12.2018;21:45:02;71;36%
23.12.2018;21:30:02;88;44%
23.12.2018;21:15:02;64;32%
23.12.2018;21:00:02;47;23%
23.12.2018;20:45:02;66;33%
23.12.2018;20:30:02;90;45%
23.12.2018;20:15:02;66;33%
23.12.2018;20:00:02;67;34%
23.12.2018;19:45:02;73;37%
23.12.2018;19:30:02;88;44%
23.12.2018;19:15:02;70;35%
23.12.2018;19:00:02;70;35%
23.12.2018;18:45:02;63;32%
23.12.2018;18:30:02;63;32%
23.12.2018;18:15:02;65;33%
23.12.2018;18:00:02;61;31%
23.12.2018;17:45:02;63;32%
23.12.2018;17:30:02;90;45%
23.12.2018;17:15:02;67;34%
23.12.2018;17:00:02;63;32%
23.12.2018;16:45:02;66;33%
23.12.2018;16:30:02;72;36%
23.12.2018;16:15:02;71;36%
23.12.2018;16:00:02;70;35%
23.12.2018;15:45:02;70;35%
23.12.2018;15:30:02;61;31%
23.12.2018;15:15:02;62;31%
23.12.2018;15:00:02;72;36%
23.12.2018;14:45:02;78;39%
23.12.2018;14:30:02;72;36%
23.12.2018;14:15:02;85;43%
23.12.2018;14:00:02;67;34%
23.12.2018;13:45:02;64;32%
23.12.2018;13:30:02;65;33%
23.12.2018;13:15:02;74;37%
23.12.2018;13:00:02;65;33%
23.12.2018;12:45:02;76;38%
23.12.2018;12:30:02;67;34%
23.12.2018;12:15:02;88;44%
23.12.2018;12:00:02;69;35%
23.12.2018;11:45:02;74;37%
23.12.2018;11:30:02;75;38%
23.12.2018;11:15:02;87;44%
23.12.2018;11:00:02;72;36%
23.12.2018;10:45:02;67;34%
23.12.2018;10:30:02;75;38%
23.12.2018;10:15:02;59;30%
23.12.2018;10:00:02;72;36%
23.12.2018;09:45:02;62;31%
23.12.2018;09:30:02;55;28%
23.12.2018;09:15:01;47;23%
23.12.2018;09:00:01;54;27%
23.12.2018;08:45:01;54;27%
23.12.2018;08:30:00;50;25%
23.12.2018;08:15:00;88;44%
23.12.2018;08:00:00;49;25%
22.12.2018;23:00:10;56;28%
22.12.2018;22:45:10;63;32%
22.12.2018;22:30:10;62;31%
22.12.2018;22:15:10;54;27%
22.12.2018;22:00:10;51;26%
22.12.2018;21:45:10;59;30%
22.12.2018;21:30:10;69;35%
22.12.2018;21:15:10;66;33%
22.12.2018;21:00:10;58;29%
22.12.2018;20:45:09;65;33%
22.12.2018;20:30:09;64;32%
22.12.2018;20:15:09;62;31%
22.12.2018;20:00:09;65;33%
22.12.2018;19:45:08;51;26%
22.12.2018;19:30:08;55;28%
22.12.2018;19:15:08;64;32%
22.12.2018;19:00:08;73;37%
22.12.2018;18:45:08;71;36%
22.12.2018;18:30:08;61;31%
22.12.2018;18:15:08;63;32%
22.12.2018;18:00:08;64;32%
22.12.2018;17:45:08;58;29%
22.12.2018;17:30:08;67;34%
22.12.2018;17:15:08;60;30%
22.12.2018;17:00:08;69;35%
22.12.2018;16:45:08;49;25%
22.12.2018;16:30:08;61;31%
22.12.2018;16:15:08;62;31%
22.12.2018;16:00:07;68;34%
22.12.2018;15:45:07;63;32%
22.12.2018;15:30:06;51;26%
22.12.2018;15:15:06;49;25%
22.12.2018;15:00:06;69;35%
22.12.2018;14:45:05;75;38%
22.12.2018;14:30:05;68;34%
22.12.2018;14:15:05;85;43%
22.12.2018;14:00:05;90;45%
22.12.2018;13:45:05;56;28%
22.12.2018;13:30:04;57;29%
22.12.2018;13:15:04;56;28%
22.12.2018;13:00:04;56;28%
22.12.2018;12:45:04;55;28%
22.12.2018;12:30:04;55;28%
22.12.2018;12:15:03;52;26%
22.12.2018;12:00:03;93;47%
22.12.2018;11:45:03;58;29%
22.12.2018;11:30:03;75;38%
22.12.2018;11:15:02;60;30%
22.12.2018;11:00:02;55;28%
22.12.2018;10:45:02;60;30%
22.12.2018;10:30:01;58;29%
22.12.2018;10:15:01;63;32%
22.12.2018;10:00:01;57;29%
22.12.2018;09:45:01;55;28%
22.12.2018;09:30:01;64;32%
22.12.2018;09:15:01;64;32%
22.12.2018;09:00:00;66;33%
22.12.2018;08:45:00;63;32%
22.12.2018;08:30:00;56;28%
22.12.2018;08:15:00;51;26%
22.12.2018;08:00:00;55;28%
21.12.2018;23:00:07;74;37%
21.12.2018;22:45:07;82;41%
21.12.2018;22:30:07;86;43%
21.12.2018;22:15:07;55;28%
21.12.2018;22:00:07;78;39%
21.12.2018;21:45:07;83;42%
21.12.2018;21:30:07;59;30%
21.12.2018;21:15:06;72;36%
21.12.2018;21:00:05;66;33%
21.12.2018;20:45:04;93;47%
21.12.2018;20:30:04;82;41%
21.12.2018;20:15:04;51;26%
21.12.2018;20:00:04;78;39%
21.12.2018;19:45:04;70;35%
21.12.2018;19:30:04;81;41%
21.12.2018;19:15:04;72;36%
21.12.2018;19:00:03;66;33%
21.12.2018;18:45:03;90;45%
21.12.2018;18:30:03;63;32%
21.12.2018;18:15:03;51;26%
21.12.2018;18:00:03;58;29%
21.12.2018;17:45:03;72;36%
21.12.2018;17:30:03;61;31%
21.12.2018;17:15:03;61;31%
21.12.2018;17:00:03;80;40%
21.12.2018;16:45:03;65;33%
21.12.2018;16:30:03;62;31%
21.12.2018;16:15:02;74;37%
21.12.2018;16:00:02;64;32%
21.12.2018;15:45:02;87;44%
21.12.2018;15:30:02;74;37%
21.12.2018;15:15:02;102;52%
21.12.2018;15:00:02;82;41%
21.12.2018;14:45:02;75;38%
21.12.2018;14:30:02;76;38%
21.12.2018;14:15:02;49;25%
21.12.2018;14:00:02;77;39%
21.12.2018;13:45:02;95;48%
21.12.2018;13:30:02;82;41%
21.12.2018;13:15:02;64;32%
21.12.2018;13:00:02;63;32%
21.12.2018;12:45:02;61;31%
21.12.2018;12:30:02;84;42%
21.12.2018;12:15:02;63;32%
21.12.2018;12:00:02;63;32%
21.12.2018;11:45:02;62;31%
21.12.2018;11:30:02;52;26%
21.12.2018;11:15:01;62;31%
21.12.2018;11:00:01;63;32%
21.12.2018;10:45:01;63;32%
21.12.2018;10:30:01;54;27%
21.12.2018;10:15:01;64;32%
21.12.2018;10:00:01;62;31%
21.12.2018;09:45:01;75;38%
21.12.2018;09:30:01;106;54%
21.12.2018;09:15:00;58;29%
21.12.2018;09:00:00;94;47%
21.12.2018;08:45:00;53;27%
21.12.2018;08:30:00;67;34%
21.12.2018;08:15:00;83;42%
21.12.2018;08:00:00;60;30%
20.12.2018;23:00:06;69;35%
20.12.2018;22:45:06;63;32%
20.12.2018;22:30:06;65;33%
20.12.2018;22:15:06;72;36%
20.12.2018;22:00:06;79;40%
20.12.2018;21:45:06;60;30%
20.12.2018;21:30:06;89;45%
20.12.2018;21:15:06;62;31%
20.12.2018;21:00:06;63;32%
20.12.2018;20:45:06;60;30%
20.12.2018;20:15:06;65;33%
20.12.2018;20:00:05;70;35%
20.12.2018;19:45:05;61;31%
20.12.2018;19:15:04;83;42%
20.12.2018;19:00:04;102;52%
20.12.2018;18:45:04;78;39%
20.12.2018;18:30:04;62;31%
20.12.2018;18:15:04;80;40%
20.12.2018;18:00:04;58;29%
20.12.2018;17:45:04;92;46%
20.12.2018;17:30:04;89;45%
20.12.2018;17:15:04;61;31%
20.12.2018;17:00:04;56;28%
20.12.2018;16:45:04;74;37%
20.12.2018;16:30:03;75;38%
20.12.2018;16:00:03;48;24%
20.12.2018;15:45:03;76;38%
20.12.2018;15:30:03;100;51%
20.12.2018;15:15:03;51;26%
20.12.2018;15:00:03;55;28%
20.12.2018;14:45:03;61;31%
20.12.2018;14:30:02;61;31%
20.12.2018;14:15:02;77;39%
20.12.2018;14:00:02;91;46%
20.12.2018;13:45:02;67;34%
20.12.2018;13:30:02;57;29%
20.12.2018;13:15:02;56;28%
20.12.2018;13:00:02;66;33%
20.12.2018;12:45:02;57;29%
20.12.2018;12:30:02;66;33%
20.12.2018;12:15:02;69;35%
20.12.2018;12:00:02;62;31%
20.12.2018;11:45:02;63;32%
20.12.2018;11:30:02;63;32%
20.12.2018;11:15:02;83;42%
20.12.2018;11:00:02;63;32%
20.12.2018;10:45:01;68;34%
20.12.2018;10:30:01;101;51%
20.12.2018;10:15:01;54;27%
20.12.2018;10:00:01;53;27%
20.12.2018;09:45:01;52;26%
20.12.2018;09:30:01;52;26%
20.12.2018;09:15:01;70;35%
20.12.2018;09:00:01;99;50%
20.12.2018;08:45:01;74;37%
20.12.2018;08:30:01;88;44%
20.12.2018;08:15:00;61;31%
20.12.2018;08:00:00;61;31%
19.12.2018;23:00:14;73;37%
19.12.2018;22:45:14;65;33%
19.12.2018;22:30:14;78;39%
19.12.2018;22:15:14;86;43%
19.12.2018;22:00:14;94;47%
19.12.2018;21:45:14;69;35%
19.12.2018;21:30:14;91;46%
19.12.2018;21:15:14;69;35%
19.12.2018;21:00:14;86;43%
19.12.2018;20:45:14;52;26%
19.12.2018;20:15:14;72;36%
19.12.2018;20:00:14;68;34%
19.12.2018;19:45:13;54;27%
19.12.2018;19:30:13;78;39%
19.12.2018;19:00:13;93;47%
19.12.2018;18:45:13;83;42%
19.12.2018;18:30:12;84;42%
19.12.2018;18:15:11;94;47%
19.12.2018;18:00:11;98;50%
19.12.2018;17:45:11;69;35%
19.12.2018;17:30:11;74;37%
19.12.2018;17:15:11;109;55%
19.12.2018;17:00:10;68;34%
19.12.2018;16:45:10;109;55%
19.12.2018;16:30:09;54;27%
19.12.2018;16:15:08;82;41%
19.12.2018;16:00:07;73;37%
19.12.2018;15:45:07;47;23%
19.12.2018;15:30:06;60;30%
19.12.2018;15:15:05;51;26%
19.12.2018;15:00:04;70;35%
19.12.2018;14:45:04;63;32%
19.12.2018;14:30:04;72;36%
19.12.2018;14:15:04;92;46%
19.12.2018;14:00:04;56;28%
19.12.2018;13:45:04;84;42%
19.12.2018;13:30:04;78;39%
19.12.2018;13:15:04;62;31%
19.12.2018;13:00:04;88;44%
19.12.2018;12:45:04;65;33%
19.12.2018;12:30:04;88;44%
19.12.2018;12:15:04;53;27%
19.12.2018;12:00:04;51;26%
19.12.2018;11:45:04;56;28%
19.12.2018;11:30:04;62;31%
19.12.2018;11:15:04;61;31%
19.12.2018;11:00:03;122;62%
19.12.2018;10:45:03;65;33%
19.12.2018;10:30:03;95;48%
19.12.2018;10:15:03;91;46%
19.12.2018;10:00:03;108;55%
19.12.2018;09:45:03;93;47%
19.12.2018;09:30:03;72;36%
19.12.2018;09:15:02;63;32%
19.12.2018;09:00:02;69;35%
19.12.2018;08:45:02;58;29%
19.12.2018;08:30:01;56;28%
19.12.2018;08:15:01;56;28%
18.12.2018;23:00:12;57;29%
18.12.2018;22:45:12;63;32%
18.12.2018;22:30:12;81;41%
18.12.2018;22:00:10;58;29%
18.12.2018;21:45:10;72;36%
18.12.2018;21:30:10;68;34%
18.12.2018;21:15:09;68;34%
18.12.2018;21:00:09;63;32%
18.12.2018;20:45:08;65;33%
18.12.2018;20:30:07;72;36%
18.12.2018;20:15:07;92;46%
18.12.2018;20:00:07;66;33%
18.12.2018;19:45:07;62;31%
18.12.2018;19:30:07;64;32%
18.12.2018;19:15:06;63;32%
18.12.2018;19:00:06;72;36%
18.12.2018;18:45:06;69;35%
18.12.2018;18:30:06;66;33%
18.12.2018;18:15:06;74;37%
18.12.2018;18:00:06;64;32%
18.12.2018;17:45:06;66;33%
18.12.2018;17:30:06;66;33%
18.12.2018;17:15:06;72;36%
18.12.2018;17:00:05;88;44%
18.12.2018;16:45:05;61;31%
18.12.2018;16:30:05;61;31%
18.12.2018;16:15:05;90;45%
18.12.2018;16:00:04;67;34%
18.12.2018;15:45:04;72;36%
18.12.2018;15:30:04;71;36%
18.12.2018;15:15:04;67;34%
18.12.2018;15:00:04;69;35%
18.12.2018;14:45:04;64;32%
18.12.2018;14:30:04;71;36%
18.12.2018;14:15:04;60;30%
18.12.2018;14:00:04;62;31%
18.12.2018;13:45:03;62;31%
18.12.2018;13:30:03;74;37%
18.12.2018;13:15:03;70;35%
18.12.2018;13:00:03;69;35%
18.12.2018;12:45:03;67;34%
18.12.2018;12:30:02;63;32%
18.12.2018;12:15:01;71;36%
18.12.2018;12:00:01;56;28%
18.12.2018;11:45:01;62;31%
18.12.2018;11:30:00;65;33%
18.12.2018;11:15:00;75;38%
18.12.2018;11:00:00;83;42%
18.12.2018;10:45:00;75;38%
18.12.2018;10:30:00;65;33%
18.12.2018;10:15:00;66;33%
18.12.2018;10:00:00;78;39%
18.12.2018;09:45:00;71;36%
18.12.2018;09:30:00;80;40%
18.12.2018;09:15:00;50;25%
18.12.2018;09:00:00;53;27%
18.12.2018;08:45:00;78;39%
18.12.2018;08:30:00;79;40%
18.12.2018;08:15:00;102;52%
18.12.2018;08:00:00;71;36%
17.12.2018;23:00:05;79;40%
17.12.2018;22:45:05;75;38%
17.12.2018;22:30:05;91;46%
17.12.2018;22:15:05;71;36%
17.12.2018;22:00:05;74;37%
17.12.2018;21:45:05;62;31%
17.12.2018;21:15:05;76;38%
17.12.2018;21:00:05;81;41%
17.12.2018;20:45:05;69;35%
17.12.2018;20:30:05;65;33%
17.12.2018;20:15:05;73;37%
17.12.2018;20:00:04;71;36%
17.12.2018;19:45:04;78;39%
17.12.2018;19:30:04;83;42%
17.12.2018;19:15:04;65;33%
17.12.2018;19:00:04;67;34%
17.12.2018;18:45:04;72;36%
17.12.2018;18:30:04;73;37%
17.12.2018;18:15:04;76;38%
17.12.2018;18:00:04;61;31%
17.12.2018;17:45:04;80;40%
17.12.2018;17:30:03;77;39%
17.12.2018;17:15:03;83;42%
17.12.2018;17:00:02;81;41%
17.12.2018;16:45:02;95;48%
17.12.2018;16:30:02;77;39%
17.12.2018;16:15:02;60;30%
17.12.2018;16:00:02;88;44%
17.12.2018;15:45:02;76;38%
17.12.2018;15:30:02;56;28%
17.12.2018;15:15:02;86;43%
17.12.2018;15:00:02;97;49%
17.12.2018;14:45:02;63;32%
17.12.2018;14:30:02;85;43%
17.12.2018;14:15:02;61;31%
17.12.2018;14:00:02;60;30%
17.12.2018;13:45:02;69;35%
17.12.2018;13:30:02;65;33%
17.12.2018;13:15:02;63;32%
17.12.2018;13:00:02;79;40%
17.12.2018;12:45:02;64;32%
17.12.2018;12:30:02;66;33%
17.12.2018;12:15:02;71;36%
17.12.2018;12:00:02;63;32%
17.12.2018;11:45:02;85;43%
17.12.2018;11:30:02;69;35%
17.12.2018;11:15:02;57;29%
17.12.2018;11:00:02;52;26%
17.12.2018;10:45:02;78;39%
17.12.2018;10:30:02;62;31%
17.12.2018;10:15:02;104;53%
17.12.2018;10:00:02;77;39%
17.12.2018;09:45:02;83;42%
17.12.2018;09:30:02;68;34%
17.12.2018;09:15:02;56;28%
17.12.2018;09:00:02;58;29%
17.12.2018;08:45:01;57;29%
17.12.2018;08:30:01;68;34%
17.12.2018;08:15:01;58;29%
17.12.2018;08:00:01;54;27%
16.12.2018;23:00:36;61;31%
16.12.2018;22:45:36;71;36%
16.12.2018;22:30:35;62;31%
16.12.2018;22:15:35;66;33%
16.12.2018;22:00:34;63;32%
16.12.2018;21:45:33;67;34%
16.12.2018;21:30:33;82;41%
16.12.2018;21:15:32;67;34%
16.12.2018;21:00:32;71;36%
16.12.2018;20:45:32;89;45%
16.12.2018;20:30:32;58;29%
16.12.2018;20:15:31;82;41%
16.12.2018;20:00:31;76;38%
16.12.2018;19:45:31;78;39%
16.12.2018;19:30:31;88;44%
16.12.2018;19:15:31;90;45%
16.12.2018;19:00:30;61;31%
16.12.2018;18:45:30;78;39%
16.12.2018;18:30:30;80;40%
16.12.2018;18:15:29;49;25%
16.12.2018;18:00:28;70;35%
16.12.2018;17:45:27;60;30%
16.12.2018;17:30:27;64;32%
16.12.2018;17:15:26;61;31%
16.12.2018;17:00:26;62;31%
16.12.2018;16:45:26;86;43%
16.12.2018;16:30:26;63;32%
16.12.2018;16:15:26;83;42%
16.12.2018;16:00:26;54;27%
16.12.2018;15:45:26;85;43%
16.12.2018;15:30:26;52;26%
16.12.2018;15:15:26;75;38%
16.12.2018;15:00:26;100;51%
16.12.2018;14:45:26;66;33%
16.12.2018;14:30:26;80;40%
16.12.2018;14:15:26;93;47%
15.12.2018;23:00:02;61;31%
15.12.2018;22:45:02;58;29%
15.12.2018;22:30:02;85;43%
15.12.2018;22:15:02;110;56%
15.12.2018;22:00:02;99;50%
15.12.2018;21:45:02;91;46%
15.12.2018;21:30:02;102;52%
15.12.2018;21:15:02;59;30%
15.12.2018;21:00:02;67;34%
15.12.2018;20:45:02;105;53%
15.12.2018;20:30:02;59;30%
15.12.2018;20:15:02;63;32%
15.12.2018;20:00:02;51;26%
15.12.2018;19:45:02;65;33%
15.12.2018;19:30:02;100;51%
15.12.2018;19:15:02;93;47%
15.12.2018;19:00:02;63;32%
15.12.2018;18:45:02;88;44%
15.12.2018;18:30:02;113;57%
15.12.2018;18:15:02;100;51%
15.12.2018;18:00:02;59;30%
15.12.2018;17:45:02;54;27%
15.12.2018;17:30:02;114;58%
15.12.2018;17:15:01;54;27%
15.12.2018;17:00:01;61;31%
15.12.2018;16:45:01;51;26%
15.12.2018;16:30:01;63;32%
15.12.2018;16:15:01;99;50%
15.12.2018;16:00:01;76;38%
15.12.2018;15:45:01;85;43%
15.12.2018;15:30:01;50;25%
15.12.2018;15:15:01;96;48%
15.12.2018;15:00:01;75;38%
15.12.2018;14:30:01;73;37%
15.12.2018;14:15:01;79;40%
15.12.2018;14:00:02;68;34%
15.12.2018;13:45:02;74;37%
15.12.2018;13:30:02;75;38%
15.12.2018;13:15:02;68;34%
15.12.2018;13:00:01;71;36%
15.12.2018;12:45:01;70;35%
15.12.2018;12:30:01;64;32%
15.12.2018;12:15:01;75;38%
15.12.2018;12:00:01;65;33%
15.12.2018;11:45:00;77;39%
15.12.2018;11:30:00;70;35%
15.12.2018;11:15:00;69;35%
15.12.2018;11:00:00;70;35%
15.12.2018;10:45:00;70;35%
15.12.2018;10:30:00;85;43%
15.12.2018;10:15:00;96;48%
15.12.2018;09:30:00;66;33%
15.12.2018;09:15:00;58;29%
15.12.2018;09:00:00;80;40%
15.12.2018;08:45:00;83;42%
15.12.2018;08:30:00;56;28%
15.12.2018;08:15:00;48;24%
15.12.2018;08:00:00;55;28%
14.12.2018;23:00:12;61;31%
14.12.2018;22:45:12;69;35%
14.12.2018;22:30:12;66;33%
14.12.2018;22:15:12;72;36%
14.12.2018;22:00:12;70;35%
14.12.2018;21:45:11;62;31%
14.12.2018;21:30:11;75;38%
14.12.2018;21:15:11;72;36%
14.12.2018;21:00:10;79;40%
14.12.2018;20:45:09;76;38%
14.12.2018;20:30:09;61;31%
14.12.2018;20:15:09;69;35%
14.12.2018;20:00:08;70;35%
14.12.2018;19:45:08;68;34%
14.12.2018;19:30:08;63;32%
14.12.2018;19:15:08;70;35%
14.12.2018;19:00:08;66;33%
14.12.2018;18:45:08;74;37%
14.12.2018;18:30:07;65;33%
14.12.2018;18:15:07;64;32%
14.12.2018;18:00:07;52;26%
14.12.2018;17:45:07;63;32%
14.12.2018;17:30:07;61;31%
14.12.2018;17:15:07;65;33%
14.12.2018;17:00:07;71;36%
14.12.2018;16:45:07;76;38%
14.12.2018;16:30:07;81;41%
14.12.2018;16:15:07;78;39%
14.12.2018;16:00:07;59;30%
14.12.2018;15:45:06;64;32%
14.12.2018;15:30:06;62;31%
14.12.2018;15:15:05;95;48%
14.12.2018;15:00:05;73;37%
14.12.2018;14:45:05;54;27%
14.12.2018;14:30:05;84;42%
14.12.2018;14:15:05;62;31%
14.12.2018;14:00:05;64;32%
14.12.2018;13:45:05;52;26%
14.12.2018;13:30:05;63;32%
14.12.2018;13:15:05;63;32%
14.12.2018;13:00:04;56;28%
14.12.2018;12:45:04;63;32%
14.12.2018;12:30:04;52;26%
14.12.2018;12:15:04;56;28%
14.12.2018;12:00:04;61;31%
14.12.2018;11:45:04;87;44%
14.12.2018;11:30:04;76;38%
14.12.2018;11:15:04;77;39%
14.12.2018;11:00:04;75;38%
14.12.2018;10:45:04;57;29%
14.12.2018;10:30:04;79;40%
14.12.2018;10:15:04;68;34%
14.12.2018;10:00:04;51;26%
14.12.2018;09:45:03;92;46%
14.12.2018;09:15:03;63;32%
14.12.2018;09:00:03;89;45%
14.12.2018;08:45:02;62;31%
14.12.2018;08:30:02;84;42%
14.12.2018;08:15:01;75;38%
14.12.2018;08:00:00;80;40%
13.12.2018;23:00:08;68;34%
13.12.2018;22:45:08;60;30%
13.12.2018;22:30:08;64;32%
13.12.2018;22:15:08;81;41%
13.12.2018;22:00:08;60;30%
13.12.2018;21:45:08;57;29%
13.12.2018;21:30:08;67;34%
13.12.2018;21:15:08;69;35%
13.12.2018;21:00:08;75;38%
13.12.2018;20:45:08;67;34%
13.12.2018;20:30:08;87;44%
13.12.2018;20:15:08;80;40%
13.12.2018;20:00:08;83;42%
13.12.2018;19:45:08;92;46%
13.12.2018;19:30:08;60;30%
13.12.2018;19:15:08;83;42%
13.12.2018;19:00:08;70;35%
13.12.2018;18:45:08;69;35%
13.12.2018;18:30:08;61;31%
13.12.2018;18:15:08;82;41%
13.12.2018;18:00:08;78;39%
13.12.2018;17:45:08;97;49%
13.12.2018;17:30:08;99;50%
13.12.2018;17:15:08;105;53%
13.12.2018;17:00:08;73;37%
13.12.2018;16:45:08;100;51%
13.12.2018;16:30:08;62;31%
13.12.2018;16:15:08;71;36%
13.12.2018;16:00:07;80;40%
13.12.2018;15:45:07;62;31%
13.12.2018;15:30:06;61;31%
13.12.2018;13:30:04;71;36%
13.12.2018;13:15:04;55;28%
13.12.2018;13:00:04;62;31%
13.12.2018;12:45:04;52;26%
13.12.2018;12:30:04;62;31%
13.12.2018;12:15:04;60;30%
13.12.2018;12:00:04;62;31%
13.12.2018;11:45:04;74;37%
13.12.2018;11:30:03;90;45%
13.12.2018;11:15:03;83;42%
13.12.2018;11:00:03;79;40%
13.12.2018;10:45:03;93;47%
13.12.2018;10:30:03;57;29%
13.12.2018;10:15:02;64;32%
13.12.2018;10:00:02;48;24%
13.12.2018;09:45:02;61;31%
13.12.2018;09:30:02;62;31%
13.12.2018;09:00:02;83;42%
13.12.2018;08:45:02;73;37%
13.12.2018;08:30:01;65;33%
13.12.2018;08:15:01;68;34%
13.12.2018;08:00:00;59;30%
12.12.2018;23:00:06;66;33%
12.12.2018;22:45:06;65;33%
12.12.2018;22:30:06;66;33%
12.12.2018;22:15:05;67;34%
12.12.2018;22:00:05;72;36%
12.12.2018;21:45:04;72;36%
12.12.2018;21:30:04;58;29%
12.12.2018;21:15:04;77;39%
12.12.2018;21:00:04;77;39%
12.12.2018;20:45:04;77;39%
12.12.2018;20:30:04;53;27%
12.12.2018;20:15:04;71;36%
12.12.2018;20:00:04;78;39%
12.12.2018;19:45:04;64;32%
12.12.2018;19:30:04;57;29%
12.12.2018;19:15:04;62;31%
12.12.2018;19:00:04;73;37%
12.12.2018;18:45:04;69;35%
12.12.2018;18:30:04;63;32%
12.12.2018;18:15:04;51;26%
12.12.2018;18:00:04;63;32%
12.12.2018;17:45:04;73;37%
12.12.2018;17:30:04;66;33%
12.12.2018;17:15:03;67;34%
12.12.2018;17:00:03;50;25%
12.12.2018;16:45:03;67;34%
12.12.2018;16:30:03;60;30%
12.12.2018;16:15:03;59;30%
12.12.2018;16:00:03;63;32%
12.12.2018;15:45:03;60;30%
12.12.2018;15:30:03;60;30%
12.12.2018;15:15:03;54;27%
12.12.2018;15:00:03;72;36%
12.12.2018;14:45:03;63;32%
12.12.2018;14:30:03;63;32%
12.12.2018;14:15:03;72;36%
12.12.2018;14:00:03;65;33%
12.12.2018;13:30:03;70;35%
12.12.2018;13:15:03;72;36%
12.12.2018;13:00:03;67;34%
12.12.2018;12:45:02;58;29%
12.12.2018;12:30:02;75;38%
12.12.2018;12:15:01;80;40%
12.12.2018;12:00:00;106;54%
12.12.2018;11:45:00;99;50%
12.12.2018;11:30:00;66;33%
12.12.2018;11:15:00;77;39%
12.12.2018;11:00:01;71;36%
12.12.2018;10:45:00;67;34%
12.12.2018;10:30:00;65;33%
12.12.2018;10:15:00;85;43%
12.12.2018;10:00:00;63;32%
12.12.2018;09:45:00;69;35%
12.12.2018;09:30:00;93;47%
12.12.2018;09:15:00;84;42%
12.12.2018;09:00:00;70;35%
12.12.2018;08:45:00;76;38%
12.12.2018;08:30:00;87;44%
12.12.2018;08:15:00;70;35%
12.12.2018;08:00:00;84;42%
11.12.2018;23:00:01;81;41%
11.12.2018;22:45:01;65;33%
11.12.2018;22:30:01;72;36%
11.12.2018;22:15:01;76;38%
11.12.2018;22:00:01;75;38%
11.12.2018;21:45:01;73;37%
11.12.2018;21:30:01;73;37%
11.12.2018;21:15:01;92;46%
11.12.2018;21:00:01;52;26%
11.12.2018;20:45:01;83;42%
11.12.2018;20:30:01;79;40%
11.12.2018;20:15:01;66;33%
11.12.2018;20:00:01;63;32%
11.12.2018;19:45:01;70;35%
11.12.2018;19:30:01;88;44%
11.12.2018;19:15:01;58;29%
11.12.2018;19:00:01;69;35%
11.12.2018;18:45:01;64;32%
11.12.2018;18:30:01;62;31%
11.12.2018;18:15:01;114;58%
11.12.2018;18:00:01;48;24%
11.12.2018;17:45:01;67;34%
11.12.2018;17:30:01;63;32%
11.12.2018;17:15:01;76;38%
11.12.2018;17:00:01;98;50%
11.12.2018;16:45:01;61;31%
11.12.2018;16:15:01;85;43%
11.12.2018;16:00:01;66;33%
11.12.2018;15:45:01;74;37%
11.12.2018;15:30:01;76;38%
11.12.2018;15:15:01;70;35%
11.12.2018;15:00:01;88;44%
11.12.2018;14:45:01;47;23%
11.12.2018;14:30:01;76;38%
11.12.2018;14:15:01;56;28%
11.12.2018;14:00:01;63;32%
11.12.2018;13:45:01;56;28%
11.12.2018;13:30:01;64;32%
11.12.2018;13:15:01;83;42%
11.12.2018;13:00:01;67;34%
11.12.2018;12:45:01;79;40%
11.12.2018;12:30:01;80;40%
11.12.2018;12:15:01;83;42%
11.12.2018;12:00:01;64;32%
11.12.2018;11:45:01;91;46%
11.12.2018;11:30:01;56;28%
11.12.2018;11:15:01;97;49%
11.12.2018;10:45:00;55;28%
11.12.2018;10:30:00;94;47%
11.12.2018;10:15:00;91;46%
11.12.2018;10:00:00;53;27%
11.12.2018;09:45:00;71;36%
11.12.2018;09:30:00;83;42%
11.12.2018;09:15:00;91;46%
11.12.2018;09:00:00;60;30%
11.12.2018;08:45:00;55;28%
11.12.2018;08:30:00;62;31%
11.12.2018;08:15:00;51;26%
11.12.2018;08:00:00;60;30%
10.12.2018;23:00:03;63;32%
10.12.2018;22:45:03;68;34%
10.12.2018;22:30:03;90;45%
10.12.2018;22:15:03;51;26%
10.12.2018;22:00:03;79;40%
10.12.2018;21:45:03;70;35%
10.12.2018;21:30:03;73;37%
10.12.2018;21:15:03;72;36%
10.12.2018;20:45:02;65;33%
10.12.2018;20:30:01;76;38%
10.12.2018;20:15:01;63;32%
10.12.2018;20:00:01;60;30%
10.12.2018;19:45:01;67;34%
10.12.2018;19:30:01;82;41%
10.12.2018;19:15:01;91;46%
10.12.2018;19:00:01;76;38%
10.12.2018;18:45:01;76;38%
10.12.2018;18:15:01;58;29%
10.12.2018;18:00:01;78;39%
10.12.2018;17:45:01;70;35%
10.12.2018;17:30:01;62;31%
10.12.2018;17:15:01;80;40%
10.12.2018;17:00:01;59;30%
10.12.2018;16:45:01;88;44%
10.12.2018;16:30:01;77;39%
10.12.2018;16:15:01;65;33%
10.12.2018;16:00:01;85;43%
10.12.2018;15:45:01;54;27%
10.12.2018;15:30:01;100;51%
10.12.2018;15:15:01;77;39%
10.12.2018;15:00:01;92;46%
10.12.2018;14:45:01;81;41%
10.12.2018;14:30:01;65;33%
10.12.2018;14:15:01;61;31%
10.12.2018;14:00:01;65;33%
10.12.2018;13:45:01;51;26%
10.12.2018;13:30:01;59;30%
10.12.2018;13:15:01;63;32%
10.12.2018;13:00:01;66;33%
10.12.2018;12:45:01;60;30%
10.12.2018;12:30:01;68;34%
10.12.2018;12:15:01;57;29%
10.12.2018;12:00:01;75;38%
10.12.2018;11:45:01;72;36%
10.12.2018;11:30:01;61;31%
10.12.2018;11:15:01;80;40%
10.12.2018;10:45:01;64;32%
10.12.2018;10:30:01;101;51%
10.12.2018;10:15:01;73;37%
10.12.2018;10:00:01;64;32%
10.12.2018;09:45:01;62;31%
10.12.2018;09:30:01;70;35%
10.12.2018;09:15:01;81;41%
10.12.2018;09:00:01;88;44%
10.12.2018;08:45:01;83;42%
10.12.2018;08:30:01;65;33%
10.12.2018;08:15:00;98;50%
10.12.2018;08:00:00;87;44%
9.12.2018;23:00:13;60;30%
9.12.2018;22:45:13;66;33%
9.12.2018;22:15:13;75;38%
9.12.2018;22:00:12;71;36%
9.12.2018;21:45:11;72;36%
9.12.2018;21:30:11;62;31%
9.12.2018;21:15:11;77;39%
9.12.2018;21:00:11;69;35%
9.12.2018;20:45:10;75;38%
9.12.2018;20:30:09;67;34%
9.12.2018;20:15:09;87;44%
9.12.2018;20:00:09;74;37%
9.12.2018;19:45:09;69;35%
9.12.2018;19:30:09;75;38%
9.12.2018;19:15:09;67;34%
9.12.2018;19:00:09;65;33%
9.12.2018;18:45:09;66;33%
9.12.2018;18:30:08;73;37%
9.12.2018;18:15:07;54;27%
9.12.2018;18:00:07;59;30%
9.12.2018;17:45:06;71;36%
9.12.2018;17:30:06;71;36%
9.12.2018;17:15:05;69;35%
9.12.2018;17:00:05;70;35%
9.12.2018;16:45:04;69;35%
9.12.2018;16:30:04;53;27%
9.12.2018;16:15:04;63;32%
9.12.2018;16:00:04;52;26%
9.12.2018;15:45:04;56;28%
9.12.2018;15:30:04;60;30%
9.12.2018;15:15:04;85;43%
9.12.2018;15:00:04;76;38%
9.12.2018;14:45:04;68;34%
9.12.2018;14:30:04;76;38%
9.12.2018;14:15:04;77;39%
9.12.2018;14:00:04;71;36%
9.12.2018;13:45:04;52;26%
9.12.2018;13:30:04;76;38%
9.12.2018;13:15:04;74;37%
9.12.2018;13:00:04;84;42%
9.12.2018;12:45:04;64;32%
9.12.2018;12:30:04;61;31%
9.12.2018;12:15:04;50;25%
9.12.2018;12:00:04;50;25%
9.12.2018;11:45:04;67;34%
9.12.2018;11:30:04;62;31%
9.12.2018;11:15:04;63;32%
9.12.2018;11:00:03;59;30%
9.12.2018;10:45:03;63;32%
9.12.2018;10:30:03;58;29%
9.12.2018;10:15:03;58;29%
9.12.2018;10:00:03;58;29%
9.12.2018;09:45:03;59;30%
9.12.2018;09:30:03;60;30%
9.12.2018;09:15:03;59;30%
9.12.2018;09:00:02;75;38%
9.12.2018;08:45:01;57;29%
9.12.2018;08:30:01;65;33%
9.12.2018;08:15:01;59;30%
9.12.2018;08:00:01;56;28%
8.12.2018;23:00:14;87;44%
8.12.2018;22:30:13;66;33%
8.12.2018;22:15:12;88;44%
8.12.2018;22:00:12;66;33%
8.12.2018;21:45:12;92;46%
8.12.2018;21:30:12;94;47%
8.12.2018;21:15:11;62;31%
8.12.2018;20:45:11;73;37%
8.12.2018;20:30:11;96;48%
8.12.2018;20:15:11;71;36%
8.12.2018;20:00:11;60;30%
8.12.2018;19:45:11;65;33%
8.12.2018;19:30:11;92;46%
8.12.2018;19:15:11;61;31%
8.12.2018;19:00:11;77;39%
8.12.2018;18:45:11;92;46%
8.12.2018;18:30:11;85;43%
8.12.2018;18:15:11;85;43%
8.12.2018;18:00:11;64;32%
8.12.2018;17:45:11;70;35%
8.12.2018;17:30:11;57;29%
8.12.2018;17:15:11;62;31%
8.12.2018;17:00:11;67;34%
8.12.2018;16:45:11;64;32%
8.12.2018;16:30:11;68;34%
8.12.2018;16:15:11;66;33%
8.12.2018;16:00:11;72;36%
8.12.2018;15:45:11;70;35%
8.12.2018;15:30:11;62;31%
8.12.2018;15:15:10;69;35%
8.12.2018;15:00:10;65;33%
8.12.2018;14:45:09;57;29%
8.12.2018;14:30:09;65;33%
8.12.2018;14:15:09;63;32%
8.12.2018;14:00:09;71;36%
8.12.2018;13:45:09;84;42%
8.12.2018;13:30:09;59;30%
8.12.2018;13:15:09;76;38%
8.12.2018;13:00:09;67;34%
8.12.2018;12:45:09;57;29%
8.12.2018;12:30:08;73;37%
8.12.2018;12:15:08;66;33%
8.12.2018;12:00:07;67;34%
8.12.2018;11:45:06;59;30%
8.12.2018;11:30:06;65;33%
8.12.2018;11:15:05;66;33%
8.12.2018;11:00:05;60;30%
8.12.2018;10:45:05;62;31%
8.12.2018;10:30:04;64;32%
8.12.2018;10:15:04;58;29%
8.12.2018;10:00:04;61;31%
8.12.2018;09:45:03;63;32%
8.12.2018;09:30:03;63;32%
8.12.2018;09:15:03;60;30%
8.12.2018;09:00:02;59;30%
8.12.2018;08:45:02;61;31%
8.12.2018;08:30:02;63;32%
8.12.2018;08:15:02;65;33%
8.12.2018;08:00:01;71;36%
7.12.2018;23:00:06;79;40%
7.12.2018;22:45:06;77;39%
7.12.2018;22:30:06;96;48%
7.12.2018;22:15:06;82;41%
7.12.2018;22:00:06;57;29%
7.12.2018;21:45:06;70;35%
7.12.2018;21:30:06;67;34%
7.12.2018;21:15:06;65;33%
7.12.2018;21:00:06;82;41%
7.12.2018;20:45:06;68;34%
7.12.2018;20:30:06;61;31%
7.12.2018;20:15:06;65;33%
7.12.2018;20:00:06;85;43%
7.12.2018;19:45:05;83;42%
7.12.2018;19:30:05;69;35%
7.12.2018;19:15:05;48;24%
7.12.2018;19:00:05;53;27%
7.12.2018;18:45:05;77;39%
7.12.2018;18:30:05;88;44%
7.12.2018;18:15:05;66;33%
7.12.2018;18:00:05;56;28%
7.12.2018;17:30:05;53;27%
7.12.2018;17:15:05;107;54%
7.12.2018;17:00:05;52;26%
7.12.2018;16:45:05;55;28%
7.12.2018;16:30:05;66;33%
7.12.2018;16:15:05;58;29%
7.12.2018;16:00:05;66;33%
7.12.2018;15:45:05;62;31%
7.12.2018;15:30:05;63;32%
7.12.2018;15:15:05;74;37%
7.12.2018;15:00:05;62;31%
7.12.2018;14:45:04;57;29%
7.12.2018;14:30:04;63;32%
7.12.2018;14:15:03;66;33%
7.12.2018;14:00:03;67;34%
7.12.2018;13:45:03;66;33%
7.12.2018;13:30:02;79;40%
7.12.2018;13:15:02;60;30%
7.12.2018;13:00:02;69;35%
7.12.2018;12:45:02;76;38%
7.12.2018;12:30:02;68;34%
7.12.2018;12:15:02;71;36%
7.12.2018;12:00:02;64;32%
7.12.2018;11:45:01;56;28%
7.12.2018;11:30:01;68;34%
7.12.2018;11:15:01;64;32%
7.12.2018;11:00:01;58;29%
7.12.2018;10:45:01;61;31%
7.12.2018;10:30:01;60;30%
7.12.2018;10:15:01;71;36%
7.12.2018;10:00:01;65;33%
7.12.2018;09:45:01;72;36%
7.12.2018;09:30:01;55;28%
7.12.2018;09:15:01;72;36%
7.12.2018;09:00:01;91;46%
7.12.2018;08:45:00;80;40%
7.12.2018;08:30:00;116;59%
7.12.2018;08:00:00;72;36%
6.12.2018;23:00:08;75;38%
6.12.2018;22:45:08;70;35%
6.12.2018;22:00:08;49;25%
6.12.2018;21:45:08;69;35%
6.12.2018;21:30:08;77;39%
6.12.2018;21:15:08;63;32%
6.12.2018;21:00:08;75;38%
6.12.2018;20:45:08;65;33%
6.12.2018;20:30:08;71;36%
6.12.2018;20:15:08;47;23%
6.12.2018;20:00:08;77;39%
6.12.2018;19:45:08;79;40%
6.12.2018;19:30:08;67;34%
6.12.2018;19:15:07;73;37%
6.12.2018;19:00:07;67;34%
6.12.2018;18:45:07;61;31%
6.12.2018;18:30:07;77;39%
6.12.2018;18:15:07;66;33%
6.12.2018;18:00:07;50;25%
6.12.2018;17:45:07;72;36%
6.12.2018;17:30:07;61;31%
6.12.2018;17:15:07;48;24%
6.12.2018;17:00:07;91;46%
6.12.2018;16:45:07;75;38%
6.12.2018;16:30:07;91;46%
6.12.2018;16:15:07;79;40%
6.12.2018;16:00:07;78;39%
6.12.2018;15:45:07;63;32%
6.12.2018;15:30:06;72;36%
6.12.2018;15:15:06;65;33%
6.12.2018;15:00:06;54;27%
6.12.2018;14:45:06;98;50%
6.12.2018;14:30:06;63;32%
6.12.2018;14:15:05;56;28%
6.12.2018;14:00:04;76;38%
6.12.2018;13:45:04;66;33%
6.12.2018;13:30:04;62;31%
6.12.2018;13:15:04;63;32%
6.12.2018;13:00:04;60;30%
6.12.2018;12:45:04;70;35%
6.12.2018;12:30:04;60;30%
6.12.2018;12:15:03;57;29%
6.12.2018;12:00:03;60;30%
6.12.2018;11:45:02;61;31%
6.12.2018;11:30:02;57;29%
6.12.2018;11:15:01;64;32%
6.12.2018;11:00:01;56;28%
6.12.2018;10:45:01;66;33%
6.12.2018;10:30:01;68;34%
6.12.2018;10:15:01;69;35%
6.12.2018;10:00:01;76;38%
6.12.2018;09:45:01;71;36%
6.12.2018;09:30:01;68;34%
6.12.2018;09:15:01;71;36%
6.12.2018;09:00:01;105;53%
6.12.2018;08:45:00;52;26%
6.12.2018;08:30:00;73;37%
6.12.2018;08:15:00;73;37%
6.12.2018;08:00:00;91;46%
5.12.2018;23:00:03;76;38%
5.12.2018;22:45:03;49;25%
5.12.2018;22:30:03;86;43%
5.12.2018;22:15:03;55;28%
5.12.2018;22:00:03;90;45%
5.12.2018;21:45:03;69;35%
5.12.2018;21:30:03;69;35%
5.12.2018;21:15:03;65;33%
5.12.2018;21:00:03;69;35%
5.12.2018;20:45:04;83;42%
5.12.2018;20:30:03;50;25%
5.12.2018;20:15:03;64;32%
5.12.2018;20:00:03;59;30%
5.12.2018;19:45:03;51;26%
5.12.2018;19:30:03;54;27%
5.12.2018;19:15:03;81;41%
5.12.2018;19:00:03;75;38%
5.12.2018;18:45:02;55;28%
5.12.2018;18:30:02;69;35%
5.12.2018;18:15:02;55;28%
5.12.2018;18:00:02;56;28%
5.12.2018;17:45:02;65;33%
5.12.2018;17:30:02;63;32%
5.12.2018;17:15:02;55;28%
5.12.2018;17:00:02;71;36%
5.12.2018;16:45:02;65;33%
5.12.2018;16:30:02;99;50%
5.12.2018;16:15:02;59;30%
5.12.2018;16:00:02;77;39%
5.12.2018;15:45:02;58;29%
5.12.2018;15:30:02;62;31%
5.12.2018;15:15:02;84;42%
5.12.2018;15:00:02;53;27%
5.12.2018;14:45:02;74;37%
5.12.2018;14:30:02;77;39%
5.12.2018;14:25:52;56;28%
5.12.2018;14:15:01;61;31%
5.12.2018;14:00:01;70;35%
5.12.2018;13:45:01;62;31%
5.12.2018;13:30:01;72;36%
5.12.2018;13:15:01;78;39%
5.12.2018;13:00:01;88;44%
5.12.2018;12:45:01;85;43%
5.12.2018;12:30:01;71;36%
5.12.2018;12:15:01;66;33%
5.12.2018;12:00:01;70;35%
5.12.2018;11:45:01;54;27%
5.12.2018;11:30:01;52;26%
5.12.2018;11:15:01;68;34%
5.12.2018;11:00:01;62;31%
5.12.2018;10:45:01;63;32%
5.12.2018;10:30:01;76;38%
5.12.2018;10:15:01;65;33%
5.12.2018;10:00:01;69;35%
5.12.2018;09:45:01;81;41%
5.12.2018;09:30:00;81;41%
5.12.2018;09:15:00;73;37%
5.12.2018;09:00:00;98;50%
5.12.2018;08:45:00;61;31%
5.12.2018;08:30:00;100;51%
5.12.2018;08:15:00;100;51%
5.12.2018;08:00:00;56;28%
4.12.2018;22:47:44;65;33%
4.12.2018;22:32:43;49;25%
4.12.2018;22:17:43;66;33%
4.12.2018;22:02:43;62;31%
4.12.2018;21:47:43;69;35%
4.12.2018;21:32:43;79;40%
4.12.2018;21:17:43;81;41%
4.12.2018;21:02:42;87;44%
4.12.2018;20:47:42;97;49%
4.12.2018;20:32:42;82;41%
4.12.2018;20:17:42;91;46%
4.12.2018;20:02:42;72;36%
4.12.2018;19:47:42;75;38%
4.12.2018;19:32:42;56;28%
4.12.2018;19:17:42;67;34%
4.12.2018;19:02:41;63;32%
4.12.2018;18:47:41;77;39%
4.12.2018;18:32:41;84;42%
4.12.2018;18:17:40;80;40%
4.12.2018;18:02:40;85;43%
4.12.2018;17:47:40;87;44%
4.12.2018;17:32:40;95;48%
4.12.2018;17:17:40;102;52%
4.12.2018;17:02:40;89;45%
4.12.2018;16:47:40;70;35%
4.12.2018;16:32:40;76;38%
4.12.2018;16:17:40;79;40%
4.12.2018;16:02:40;78;39%
4.12.2018;15:47:40;68;34%
4.12.2018;15:32:40;68;34%
4.12.2018;15:17:40;86;43%
4.12.2018;15:02:40;106;54%
4.12.2018;14:47:39;102;52%
4.12.2018;14:32:39;81;41%
4.12.2018;14:17:39;82;41%
4.12.2018;14:02:39;58;29%
4.12.2018;13:47:39;73;37%
4.12.2018;13:32:39;63;32%
4.12.2018;13:17:38;63;32%
4.12.2018;13:02:38;57;29%
4.12.2018;12:47:38;80;40%
4.12.2018;12:32:38;74;37%
4.12.2018;12:24:44;56;28%
4.12.2018;12:24:02;73;37%
4.12.2018;12:24:00;76;38%
4.12.2018;12:23:59;75;38%
4.12.2018;12:23:57;74;37%
4.12.2018;12:23:53;73;37%
4.12.2018;12:23:51;76;38%
4.12.2018;12:23:45;76;38%
4.12.2018;12:23:43;77;39%
4.12.2018;12:23:41;76;38%
4.12.2018;12:23:34;78;39%
4.12.2018;12:23:27;78;39%
4.12.2018;12:23:19;82;41%
4.12.2018;12:23:14;82;41%
4.12.2018;12:23:09;82;41%
4.12.2018;12:23:04;83;42%
4.12.2018;12:23:03;88;44%
4.12.2018;12:22:57;84;42%
4.12.2018;12:22:49;86;43%
4.12.2018;12:22:47;81;41%
4.12.2018;12:22:39;71;36%
4.12.2018;12:22:34;72;36%
4.12.2018;12:22:26;64;32%
4.12.2018;12:22:19;64;32%
4.12.2018;12:22:18;65;33%
4.12.2018;12:22:00;81;41%
4.12.2018;12:11:52;74;37%
4.12.2018;12:11:49;70;35%
4.12.2018;12:04:01;90;45%
4.12.2018;11:52:38;116;59%
4.12.2018;11:52:36;107;54%
4.12.2018;11:52:34;101;51%
3.12.2018;00:20:15;60;30%
3.12.2018;00:20:10;61;31%
3.12.2018;00:20:09;60;30%
3.12.2018;00:20:05;61;31%
3.12.2018;00:20:02;62;31%
3.12.2018;00:19:57;62;31%
3.12.2018;00:19:55;61;31%
3.12.2018;00:19:53;60;30%
3.12.2018;00:19:48;60;30%
3.12.2018;00:19:45;61;31%
3.12.2018;00:19:44;60;30%
3.12.2018;00:19:43;61;31%
3.12.2018;00:19:41;59;30%
3.12.2018;00:19:37;57;29%
3.12.2018;00:18:31;61;31%
3.12.2018;00:18:30;63;32%
2.12.2018;11:41:08;73;37%
2.12.2018;11:41:06;63;32%
2.12.2018;11:41:04;53;27%
2.12.2018;11:41:03;56;28%
2.12.2018;11:41:01;63;32%
2.12.2018;10:19:18;82;41%
2.12.2018;10:19:16;76;38%
2.12.2018;10:19:12;70;35%
30.11.2018;16:12:23;93;47%
30.11.2018;16:12:20;96;48%
30.11.2018;16:12:18;104;53%
28.11.2018;10:15:21;69;35%
28.11.2018;10:15:19;70;35%
28.11.2018;10:15:18;72;36%
28.11.2018;10:15:17;76;38%
28.11.2018;10:15:16;79;40%
28.11.2018;10:15:14;80;40%
28.11.2018;10:14:47;81;41%
28.11.2018;10:14:46;80;40%
28.11.2018;10:14:42;83;42%
28.11.2018;10:14:37;83;42%
28.11.2018;10:14:35;81;41%
28.11.2018;10:14:33;80;40%
28.11.2018;10:14:32;79;40%
28.11.2018;10:14:31;80;40%
28.11.2018;10:14:30;79;40%
28.11.2018;10:14:29;77;39%
28.11.2018;10:14:24;74;37%
28.11.2018;10:14:23;73;37%
28.11.2018;10:14:22;77;39%
28.11.2018;10:14:21;76;38%
28.11.2018;10:14:20;78;39%
28.11.2018;10:14:19;80;40%
28.11.2018;10:14:18;84;42%
28.11.2018;10:14:17;70;35%
28.11.2018;10:13:19;68;34%
28.11.2018;10:13:14;68;34%
28.11.2018;10:13:08;68;34%
28.11.2018;10:13:05;68;34%
28.11.2018;10:13:03;67;34%
28.11.2018;10:12:10;78;39%
28.11.2018;10:12:09;70;35%
28.11.2018;01:52:26;72;36%
28.11.2018;01:52:21;72;36%
24.11.2018;09:33:47;88;44%
24.11.2018;09:33:42;88;44%
24.11.2018;09:33:36;88;44%
24.11.2018;09:33:34;86;43%
24.11.2018;09:33:32;70;35%
24.11.2018;09:33:30;68;34%
23.11.2018;09:31:29;63;32%
23.11.2018;09:31:27;65;33%
19.11.2018;20:57:44;56;28%
19.11.2018;20:57:42;57;29%
19.11.2018;20:57:37;57;29%
19.11.2018;20:57:30;57;29%
19.11.2018;20:57:26;58;29%
19.11.2018;20:57:20;58;29%
19.11.2018;20:57:15;58;29%
19.11.2018;20:57:13;59;30%
19.11.2018;20:57:11;57;29%
19.11.2018;20:57:09;61;31%
19.11.2018;20:57:03;51;26%
19.11.2018;20:57:01;100;51%
17.11.2018;15:32:17;68;34%
17.11.2018;15:32:15;65;33%
14.11.2018;09:34:22;81;41%
14.11.2018;09:34:21;80;40%
14.11.2018;09:34:19;82;41%
14.11.2018;09:34:13;104;53%
14.11.2018;08:35:50;105;53%
14.11.2018;08:35:47;104;53%
14.11.2018;08:35:45;103;52%
14.11.2018;08:35:43;102;52%
14.11.2018;08:35:41;101;51%
14.11.2018;08:35:39;99;50%
14.11.2018;08:35:35;100;51%
14.11.2018;08:35:33;98;50%
14.11.2018;08:35:31;99;50%
14.11.2018;08:35:29;100;51%
14.11.2018;08:35:24;100;51%
14.11.2018;08:35:22;102;52%
13.11.2018;23:27:48;67;34%
13.11.2018;23:27:44;70;35%
13.11.2018;18:23:28;84;42%
13.11.2018;18:23:26;80;40%
9.11.2018;21:00:38;107;54%
9.11.2018;21:00:36;106;54%
9.11.2018;19:19:14;114;58%
9.11.2018;19:19:13;100;51%
9.11.2018;18:51:53;106;54%
8.11.2018;14:39:33;78;39%
8.11.2018;14:39:32;75;38%
6.11.2018;09:46:05;83;42%
6.11.2018;09:46:04;84;42%
6.11.2018;09:46:03;77;39%
5.11.2018;17:26:40;83;42%
5.11.2018;17:26:39;76;38%
5.11.2018;17:26:38;69;35%
2.11.2018;19:16:22;79;40%
1.11.2018;14:27:34;83;42%
1.11.2018;14:27:33;88;44%
31.10.2018;22:07:55;75;38%
31.10.2018;22:07:53;74;37%
27.10.2018;14:05:22;86;43%
27.10.2018;14:05:21;80;40%
27.10.2018;14:04:48;67;34%
27.10.2018;13:20:38;78;39%
27.10.2018;13:20:32;68;34%
26.10.2018;18:26:54;83;42%
25.10.2018;22:29:26;96;48%
25.10.2018;22:29:24;87;44%
25.10.2018;18:28:05;100;51%
25.10.2018;18:28:04;100;51%
25.10.2018;15:31:22;78;39%
25.10.2018;15:31:18;78;39%
24.10.2018;21:02:29;82;41%
24.10.2018;14:30:44;81;41%
24.10.2018;14:30:43;77;39%
24.10.2018;14:30:39;70;35%
23.10.2018;11:39:42;86;43%
23.10.2018;11:39:41;86;43%
22.10.2018;14:38:38;71;36%
22.10.2018;14:38:37;76;38%
22.10.2018;14:38:33;89;45%
21.10.2018;12:07:31;92;46%
21.10.2018;12:07:30;89;45%
20.10.2018;19:47:45;88;44%
18.10.2018;17:39:43;91;46%
18.10.2018;17:39:42;87;44%
18.10.2018;17:39:40;69;35%
18.10.2018;15:56:49;91;46%
18.10.2018;15:56:47;90;45%
16.10.2018;23:26:59;71;36%
16.10.2018;23:26:50;63;32%
15.10.2018;14:07:39;94;47%
15.10.2018;14:07:35;92;46%
14.10.2018;22:29:31;106;54%
14.10.2018;21:55:13;108;55%
14.10.2018;20:38:46;61;31%
14.10.2018;20:38:44;60;30%
14.10.2018;19:17:59;122;62%
14.10.2018;19:17:59;111;56%
14.10.2018;08:05:20;88;44%
13.10.2018;01:52:21;94;47%
13.10.2018;01:51:58;105;53%
12.10.2018;13:51:27;102;52%
12.10.2018;13:51:25;90;45%
10.10.2018;20:44:12;109;55%
10.10.2018;20:44:11;107;54%
9.10.2018;14:00:12;77;39%
9.10.2018;14:00:06;77;39%
9.10.2018;14:00:01;77;39%
9.10.2018;13:59:51;77;39%
9.10.2018;13:59:45;75;38%
9.10.2018;13:59:41;67;34%
9.10.2018;13:59:36;67;34%
9.10.2018;13:59:30;68;34%
9.10.2018;13:59:28;68;34%
9.10.2018;13:59:22;68;34%
9.10.2018;13:59:15;68;34%
9.10.2018;13:59:15;69;35%
9.10.2018;09:11:02;71;36%
6.10.2018;10:49:48;72;36%
4.10.2018;12:16:29;71;36%
4.10.2018;12:16:22;75;38%
4.10.2018;10:19:23;87;44%
4.10.2018;10:19:22;80;40%
3.10.2018;11:15:50;68;34%
3.10.2018;11:15:45;120;61%
3.10.2018;11:15:43;105;53%
2.10.2018;23:23:20;69;35%
2.10.2018;23:23:19;65;33%
1.10.2018;17:32:51;67;34%
1.10.2018;07:40:44;122;62%
1.10.2018;07:39:30;96;48%
1.10.2018;07:38:49;130;66%
30.09.2018;12:28:34;44;22%
30.09.2018;11:48:09;90;45%
30.09.2018;01:54:25;55;28%
27.09.2018;11:57:36;96;48%
27.09.2018;00:31:27;67;34%
21.09.2018;21:07:08;71;36%
21.09.2018;16:43:51;86;43%
